codigo.situr;RIF.x;codigo.proyecto_2016;Estado;Municipio;Parroquia;Entidad;Nombre.Proyecto_2016;Sub.Categoria;Fecha.Creacion;Fecha.Inicio;Monto_2016;Área_2016;Kg_Estimados_2016;Area_Efectiva_2016(FONDAS);Kg_Arrimado_2016(FONDAS);;;;;
01-01-0002;C406454001;COM-16-01-01-00001;distrito capital;libertador;antímano;victoria socialista;construccion de granja integral las clavellinas;cría y engorde de porcinos;24/02/2016;2016-05-25;6473673;93;NA;NA;0;0;;;;
01-01-02-001-0027;C299408760;CCO-16-01-01-00087;distrito capital;libertador;antímano;represa unida;construccion de casa de cultivo   “mariscal sucre’’. ;hortalizas;23/02/2016;2016-05-25;2823190;69;0;2;700;0;0;;;
01-01-04-001-0079;C299770124;CCO-16-01-01-00034;distrito capital;libertador;caricuao;zona b central activa (no indica);construccion de casa de cultivo;en el sector terrazas de caricuao de la parroquia caricuao;hortalizas;15/02/2016;2016-06-02;6447113;47;800;2800000;0;0;;;
01-01-06-001-0002;C302262941;CCO-16-01-01-00203;distrito capital;libertador;coche;la gallera;unidad productiva la gallera;cría y engorde de aves de corral;25/05/2016;2017-01-17;15000000;NA;NA;0;0;;;;;
01-01-10-001-0067;J299391840;CCO-16-01-01-00036;distrito capital;libertador;el valle;sector zamora parte alta (sin nombre comercial);construccion de huerto organoponico “zamora” sector de barrio cerro grande;hortalizas;15/02/2016;2016-05-25;11000900;12;142;497000;0;0;;;;
01-01-19-001-0041;J299273449;CCO-16-01-01-00025;distrito capital;libertador;santa rosalía;oraida toledo y guaicaipuro;"huerto organopónico ""sembrando patria"" sector de barrio la bandera-gran colombia";hortalizas;13/02/2016;2016-06-02;12863830;66;0;2;70;0;0;;;
02-01-01-L85-0001;J299489549;CCO-16-22-07-00013;amazonas;autónomo alto orinoco;alto orinoco;"""toky sector wameroca"" (no indica)";adquisicion de herramientas y equipos agricolas para el procesamiento de 90has. de productos autóctonos yuca; ñame; piña y maiz;raíces; tubérculos y cucurbitáceas;01/04/2016;2016-08-26;12540000;90;315000;0;0;;
02-02-0000;J404250638;COM-16-22-02-00001;amazonas;autónomo atabapo;ucata;orimed;plan de sistema de siembra de tubérculos;raíces; tubérculos y cucurbitáceas;26/02/2016;2016-12-07;17802746;5;28;98000;0;0;;;
02-03-03-068-0000;J402873263;CCO-16-22-01-00005;amazonas;autónomo atures;parhueña;el guarray;adquisicion de herramientas agricolas y semillas de yuca; planato; piña; maizy frutas autoctonas;raíces; tubérculos y cucurbitáceas;19/02/2016;2016-04-22;8975500;30;105000;0;0;
02-03-03-098-0000;C299623733;CCO-16-22-01-00022;amazonas;autónomo atures;parhueña;cerro loro;fortalecimiento a los conuqueros y parceleros de agua linda sur;raíces; tubérculos y cucurbitáceas;26/02/2016;2016-05-04;6352000;12;5;43750;0;0;;;
02-03-03-110-0001;C299310719;CCO-16-22-01-00051;amazonas;autónomo atures;parhueña;"""mantecal de agua linda"" (sin nombre comercial)";adquisicion de materiales para la siembra de yuca dulce y amarga;raíces; tubérculos y cucurbitáceas;10/03/2016;2016-05-04;7900000;10;35000;0;0;;;;
02-03-03-I18-0000;C299280127;CCO-16-22-01-00017;amazonas;autónomo atures;parhueña;"""caño bejuco"" (no indica)";adquisicion de herramientas agricolas y semillas para la siembra de yuca; platano;piña y copoazu;raíces; tubérculos y cucurbitáceas;25/02/2016;2016-04-06;6450680;15;52500;0;0;;
02-03-03-I18-0004;J402944241;CCO-16-22-01-00041;amazonas;autónomo atures;parhueña;tierra blanca 2005;rehactivacion de 12hectareas de siembra de yuca amarga y dulce;raíces; tubérculos y cucurbitáceas;29/02/2016;2016-04-06;10000000;12;42000;0;0;;;;
02-03-04-001-0001;J299317497;CCO-16-22-01-00054;amazonas;autónomo atures;platanillal;"""la esperanza 2000"" (no indica)";adquisicion de herramientas agricolas para la siembra de 80 has yuca amarga y dulce.;raíces; tubérculos y cucurbitáceas;18/03/2016;2016-04-22;10200000;80;280000;0;0;;;;
02-03-04-001-0135;J299651354;CCO-16-22-01-00013;amazonas;autónomo atures;platanillal;indigena san luis ruwiwa;adquisicion de herramientas agricolas para la preparacion de conucos y procesamiento de materia prima deribados de la yuca;raíces; tubérculos y cucurbitáceas;25/02/2016;2016-04-06;5860000;20;70000;0;0;;;;
02-04-01-X14-0000;J306584480;CCO-16-22-05-00005;amazonas;autónomo autana;samariapo;lencho;siembra de productos agrícolas autóctonos (yuca amarga y dulce);raíces; tubérculos y cucurbitáceas;25/02/2016;2016-06-15;6800000;25;87500;0;0;;;;
02-05-01-001-0011;J299332127;CCO-16-22-03-00001;amazonas;autónomo guainía;victorino;"""sector la plaza"" (no indica)";siembra y cosecha de yuca amarga en el municipio maroa;raíces; tubérculos y cucurbitáceas;23/02/2016;2016-04-27;9445000;30;105000;0;0;;;;
02-06-01-001-0015;J299280097;CCO-16-22-06-00014;amazonas;autónomo manapiare;alto ventuari;"""barrio las cumbre"" (sin nombre comercial)";fortalecimiento de la siembra de 20 has. de yuca amarga y dulce; y el procesamiento de 5 has; por rubro de piña; platanos;raíces; tubérculos y cucurbitáceas;01/04/2016;2016-05-18;11356800;130;455000;0;0;
02-06-01-012-0000;C299255653;CCO-16-22-06-00001;amazonas;autónomo manapiare;alto ventuari;"""caño piedra"" (no indica)";fortalecimiento agrícola para la siembra ;permanentes y semipermanentes;24/02/2016;2016-06-02;8500000;80;280000;0;0;;;;;
03-02-01-001-0017;C400807484;CCO-16-02-02-00017;anzoátegui;aragua;aragua;cachemira;plan de siembra 2016; siembra de 325 has de maiz blanco; en el sector  cachemira de el municipio aragua del estado anzoategui.;cereales;12/05/2016;2016-06-15;51350000;325;1137500;226;140780;;;
03-02-01-001-0018;C400787432;CCO-16-02-02-00024;anzoátegui;aragua;aragua;jose gregorio monagas;siembra de 120 has de caraota ciclo norte verano en el sector jose gregorio monagas del municipio aragua de bna edo. anzoategui;leguminosas;01/08/2016;2016-12-07;30701824;92;120;420000;0;0;;;;
03-02-01-001-0028;C299187062;CCO-16-02-02-00016;anzoátegui;aragua;aragua;guatacaro;plan de siembre 2016 siembra de 334 has de maiz blanco; en el sector guatacaro de el municipio aragua del estado anzoategui;cereales;03/05/2016;2016-06-15;52772000;334;1169000;297;187780;;;;
03-02-01-001-0033;C307550821;CCO-16-02-02-00015;anzoátegui;aragua;aragua;guacamayo;siembra de 334 has de maiz blanco; en el sector guacamayo de el municipio aragua del estado anzoategui ;cereales;03/05/2016;2016-05-25;52772000;334;1169000;226;125220;;;;
03-02-02-008-0000;C299695246;CCO-16-02-02-00012;anzoátegui;aragua;cachipo;indigena caico seco (sin nombre comercial);siembra de 50 has de yuca en la comunidad indígena caico seco; paerroqia cachipo; municipio aragua del estado anzoategui.;raíces; tubérculos y cucurbitáceas;19/03/2016;2016-04-22;3650000;50;175000;0;0;;
03-05-0000;C404249311;COM-16-02-09-00001;anzoátegui;francisco de miranda;atapirire;la  primera  combatiente;siembra de 150 hectareas de yuca amarga en la comuna la primera combatiente del municipio francisco de miranda estado anzoategui;raíces; tubérculos y cucurbitáceas;15/05/2016;2016-12-07;95371853;85;150;525000;0;0;;;
03-09-0000;C403913188;COM-16-02-05-00002;anzoátegui;juan manuel cajigal;san pablo;comuna san pablo (comuna san pablo);siembra de 1000 has de maiz amarillo; en el sector san pablo; municipio cajigal del estado anzoategui;cereales;16/05/2016;2016-06-15;140000000;1000;3500000;269;97130;;;
03-10-06-001-0001;J299697982;CCO-16-02-10-00006;anzoátegui;josé gregorio monagas;zuata;pekin;siembra de 50 hectareas de maiz amarillo;cereales;01/04/2016;2016-05-25;3500000;50;175000;10;0;;;;;
03-13-01-001-0001;C299128376;CCO-16-02-06-00003;anzoátegui;pedro maría freites;cantaura;tascabaña 2 indigena (sin nombre comercial);adquisicion de equipos y materiales para el sistema de riego para la siembra de hortaliza.;hortalizas;17/02/2016;2016-04-06;6760000;20;70000;0;0;;;;;
03-13-01-197-0001;C308999849;CCO-16-02-06-00006;anzoátegui;pedro maría freites;cantaura;indigena kariña de kashaama (sin nombre comercial);siembra de 20 has de tomate bajo riego por goteo;hortalizas;19/03/2016;2016-05-11;7860000;20;70000;0;0;;;;;
03-18-02-001-0050;J306400753;CCO-16-02-03-00003;anzoátegui;simón bolívar;san cristóbal;pica del toco (no indica);sistema de riego por goteo del consejo comunal la pica del toco;hortalizas;27/02/2016;2016-12-14;32714707;86;13;45500;0;0;;;;
03-19-01-001-0102;C400033993;CCO-16-02-12-00009;anzoátegui;simón rodríguez;edmundo barrios;parcelamiento la aventazon;siembra de 6 hectareas de tomate a cielo abierto;hortalizas;22/03/2016;2016-12-14;15099095;93;6;21000;0;0;;;;
04-01-0005;J403716196;COM-16-03-01-00010;apure;achaguas;urbana achaguas;"revolucionaria "" 4 de febrero""";siembra de cereales; en el sector buena vista; municipio achaguas; edo apure.;cereales;28/04/2016;2016-05-25;27719017;68;175;612500;175;178190;
04-02-0006;J404875590;COM-16-03-07-00004;apure;biruaca;biruaca;los herederos de chavez;plan de siembra de maiz blanco en la comuna los herederos de chavez;cereales;27/02/2016;2016-04-06;15000000;300;1050000;272;94480;;;;;
04-02-01-012-0000;J299788325;CCO-16-03-07-00025;apure;biruaca;biruaca;el cochinito;proyecto socio productivo maiz blanco ;cereales;04/03/2016;2016-05-25;5000000;50;175000;6;0;;;;;
04-02-01-059-0008;C299295205;CCO-16-03-07-00020;apure;biruaca;biruaca;la enea (sin nombre comercial);cria de cachamas en lagunas artificiales;sistema de producción piscícola y acuícola;27/02/2016;2016-05-11;10000000;NA;NA;0;0;;;;;
04-04-0011;J404154060;COM-16-03-03-00019;apure;páez;guasdualito;renacer bolivariano;siembra de 30 hectareas de arroz;cereales;09/04/2016;2016-05-11;4000000;30;105000;5;0;;;;;
04-04-0021;C404731687;COM-16-03-03-00009;apure;páez;san camilo;socialista â¨che guevaraâ¨;plan de siembra de yuca;raíces; tubérculos y cucurbitáceas;22/03/2016;2016-05-18;9600000;240;840000;0;0;;;;
05-02-02-001-0001;J299284092;CCO-16-04-15-00012;aragua;camatagua;no urbana carmen de cura;el olivo;cultivo de caraota;leguminosas;18/03/2016;2016-05-11;4500000;150;525000;0;0;;;;;
05-03-03-001-0019;C299689211;CCO-16-04-01-00008;aragua;atanasio girardot;las delicias;santa eduvigis;implementacion de  sistema de hortalizas; bajo la modalidad de agricultura urbana;hortalizas;28/02/2016;2016-12-14;2307026;53;1;3500;0;0;;;
05-05-04-001-0001;C299347574;CCO-16-04-03-00005;aragua;josé félix ribas;pao de zárate;la fundacion la ceiba y toro (sin nombre comercial);siembra de tomate;hortalizas;20/02/2016;2016-12-07;7549547;97;3;10500;0;0;;;;
05-08-0000;C405157682;COM-16-04-13-00001;aragua;mario briceño iragorry;mario briceño iragorry;carlos escarra;rehabilitacion de una casa de cultivo e insumos para produccion de 1/4 de hectarea de hortalizas en la comuna carlos escarra;hortalizas;15/06/2016;2016-06-22;950000;0;25;875;0;0;;;;
05-09-01-001-0046;C299675539;CCO-16-04-04-00009;aragua;san casimiro;san casimiro;zuata el trapiche pedernal los rastrojos mucura parte baja;siembra de hortalizas ;hortalizas;27/02/2016;2017-02-03;12582579;95;5;17500;0;0;;;;
05-09-02-001-0003;C299492590;CCO-16-04-04-00025;aragua;san casimiro;no urbana güiripa;guambra (sin nombre comercial);siembra de hortalizas;hortalizas;14/06/2016;2016-12-21;13842159;16;10;35000;0;0;;;;
05-10-01-001-0034;C299652091;CCO-16-04-05-00021;aragua;san sebastián;capital san sebastián;asentamiento campesino guarate (no indica);produccion de tomate. sector guarate.mcpio san sebastian. edo aragua;hortalizas;07/03/2016;2016-12-07;12582579;95;5;17500;0;0;;;;
05-15-01-001-0013;C299311170;CCO-16-04-07-00005;aragua;urdaneta;capital urdaneta;las tres erre;cultivo de maiz amarillo;cereales;08/03/2016;2016-05-11;4000000;100;350000;100;25680;;;;;
05-15-01-001-0029;J299346390;CCO-16-04-07-00028;aragua;urdaneta;capital urdaneta;asentamiento campesino leonardo ruiz pineda (sin nombre comercial);siembra cultivo y cosecha de 4 ha de cebolla en el sector la sabaneta asentamiento campesino leonardo ruiz pineda  barbacoas;hortalizas;27/04/2016;2016-12-07;12065262;77;4;14000;0;0;;;;
05-15-02-001-0001;J299387827;CCO-16-04-07-00023;aragua;urdaneta;no urbana las peñitas;cardoncito el pajaro (sin nombre comercial);siembra de maiz 2016;cereales;04/04/2016;2016-06-15;13000000;100;350000;100;65920;;;;;
05-15-03-001-0002;J299352071;CCO-16-04-07-00046;aragua;urdaneta;no urbana san francisco de cara;sector la ceiba (sin nombre comercial);produccion de hortalizas y leguminosas;hortalizas;18/08/2016;2016-12-07;15099095;93;6;21000;0;0;;;;
05-15-03-001-0010;J299274607;CCO-16-04-07-00032;aragua;urdaneta;no urbana san francisco de cara;el araguaney (sin nombre comercial);cultivo de 160 hectareas  de maiz blanco;cereales;18/05/2016;2016-06-15;24000000;160;560000;160;325720;;;;;
06-01-0000;J403552150;COM-16-05-09-00004;barinas;alberto arvelo torrealba;sabaneta;los guerreros zamoranos;plan de siembra 500 hectáreas de maíz blanco y 200 hectáreas de arroz; ciclo invierno 2016; comuna los guerreros zamoranos. ;cereales;11/05/2016;2016-06-15;110000000;700;2450000;353;669760;;;
06-03-02-001-0015;J310862249;CCO-16-05-01-00037;barinas;arismendi;guadarrama;coco e mono;siembra y cultivo de 15 ha de maíz para el consumo de la pquia guadarrama y comunidades aledañas del mpio arismendi edo barinas.;cereales;27/04/2016;2016-06-02;2000000;15;52500;0;0;;;;;
06-03-03-017-0003;J299271845;CCO-16-05-01-00033;barinas;arismendi;la unión;san jaime abajo (sin nombre comercial);mejoramiento y ampliacion de patios productivos; para la siembra de 30 ha de maiz.;cereales;15/03/2016;2016-05-04;2900000;30;105000;0;0;;;;
06-03-04-040-0000;J299584444;CCO-16-05-01-00031;barinas;arismendi;san antonio;cunaguaro (sin nombre comercial);mejoramiento y ampliacion de patios productivos; siembra de 30ha maiz;cereales;15/03/2016;2016-04-22;2800000;30;105000;0;0;;;;
06-04-0002;J403680000;COM-16-05-02-00006;barinas;barinas;san silvestre;los guerreros de hato viejo;siembra de 200 has de maiz amarillo; en la comuna los guerreros de hato viejo de la parroquia san silvestre. edo barinas.;cereales;28/03/2016;2016-05-11;16000000;200;700000;120;124028;;;;
06-06-01-001-0038;J299211834;CCO-16-05-11-00012;barinas;cruz paredes;barrancas;las adjuntas;mecanizacion de 650 hectareas para la siembra de cereales;cereales;09/03/2016;2016-06-22;13650000;650;2275000;38;0;;;;;
06-07-0002;J403890412;COM-16-05-04-00007;barinas;ezequiel zamora;pedro briceño méndez;comuna socialista quiú las parcelas;plan de siembra de la comuna socialista quiu las parcelas parroquia pedro briceño mendez municipio ezequiel zamora edo barinas;cereales;08/03/2016;2016-05-18;25000000;175;612500;19;0;;;;;
06-07-0007;J404575332;COM-16-05-04-00008;barinas;ezequiel zamora;santa bárbara;comuna socialista agroturistica los guerreros del caparo;siembra y cultivo en primera etapa de 1000 hectáreas de maíz amarillo.;cereales;08/03/2016;2016-04-22;55000000;1000;3500000;9;0;;;;;
06-07-01-129-0000;J309567314;CCO-16-05-04-00024;barinas;ezequiel zamora;santa bárbara;parcelas de garza;siembra y cultivo de 52 has yuca en la comunidad parcelas de garza; parroquia santa bárbara; municipio ezequiel zamora; barinas;raíces; tubérculos y cucurbitáceas;14/05/2016;2016-12-07;33062242;67;52;182000;0;0
06-09-0008;C404683984;COM-16-05-06-00008;barinas;pedraza;ciudad bolivia;comuna socialista la union;siembra y cultivo de 1.136 hras. de cereales en la comuna socialista la union; municipio pedraza estado barinas;cereales;05/05/2016;2016-05-25;185488000;1136;3976000;202;159920;;;;
06-09-02-001-0015;J299937495;CCO-16-05-06-00046;barinas;pedraza;ignacio briceño;caparo (no indica);siembra de 400 hras de cereales en arroz y maiz en el sector maporal pquia. ignacio briceño municipio pedraza;cereales;07/03/2016;2016-05-18;45000000;400;1400000;14;0;;;;;
06-09-03-001-0010;J299618853;CCO-16-05-06-00049;barinas;pedraza;josé félix ribas;el mesero i (sin nombre comercial);siembra de 100 ha arroz y 100 ha de maíz amarillo.;cereales;18/03/2016;2016-05-18;50000000;200;700000;57;28540;;;;;
06-10-01-015-0002;J299666998;CCO-16-05-07-00024;barinas;rojas;libertad;antonio jose de sucre (sin nombre comercial);siembra de 84 hectareas de maiz blanco en el c.c antonio jose de sucre parroquia libertad; municipio rojas; estado barinas.;cereales;13/05/2016;2016-06-22;11340000;84;294000;67;124900;;;
06-11-01-006-0000;J299532150;CCO-16-05-08-00020;barinas;sosa;ciudad de nutrias;el campechno (no indica);siembra y cultivo de maíz en el sector campechano en la parroquia ciudad de nutrias; municipio sosa; estado barinas;cereales;30/03/2016;2016-06-22;45000000;200;700000;56;42640;;;
06-11-04-001-0008;C299608998;CCO-16-05-08-00025;barinas;sosa;santa catalina;espinito sabanero (sin nombre comercial);siembra y cultivo de 200 ha de cereales; 100 ha de maíz amarillo; y 100 ha de arroz paddy.;cereales;11/04/2016;2016-05-18;35000000;200;700000;0;0;;;
07-02-03-017-0000;J299960543;CCO-16-06-02-00038;bolívar;cedeño;ascensión farreras;las flores de agua nieves;cria y engorde de porcinos.;cría y engorde de porcinos;10/03/2016;2016-10-19;7000000;NA;NA;0;0;;;;;
07-02-03-042-0000;J299828505;CCO-16-06-02-00035;bolívar;cedeño;ascensión farreras;casa de dios (no indica);siembra de arroz;frijol;caraotas y adquisición de herramientas agrícolas;leguminosas;09/03/2016;2016-09-21;10000000;40;140000;0;0;;;
07-10-02-001-0038;J299829498;CCO-16-06-06-00017;bolívar;sucre;aripao;sedumenadinña (no indica);granja integral de desarrollo agropecuario. ;sistema de producción apícola;16/03/2016;2016-07-08;7800000;NA;NA;0;0;;;;;
07-10-03-001-0011;J299427055;CCO-16-06-06-00001;bolívar;sucre;guarataro;la tigrera 01;siembra integral de 50 hectareas de arroz para el fortalecimiento alimentario de las comunidad de la tigrera  ;cereales;25/02/2016;2017-01-25;4000000;50;175000;0;0;;;;;
08-02-0000;J404473521;COM-16-07-02-00002;carabobo;carlos arvelo;no urbana belén;comuna belen de la sierra (comuna belen de la sierra);siembra de leguminosa;leguminosas;19/03/2016;2016-05-11;2500000;120;420000;0;0;;;;;
08-02-0001;J405617454;COM-16-07-02-00001;carabobo;carlos arvelo;no urbana tacarigua;boqueron;plan de siembra de ceriales boquerón;cereales;19/03/2016;2016-04-27;6000000;150;525000;45;0;;;;;
08-02-0002;J405084677;COM-16-07-02-00004;carabobo;carlos arvelo;urbana güigüe;indio rangel;siembra de cultivo de maiz amarillo para consumo de la comuna indio rangel;cereales;28/03/2016;2016-05-11;6500000;65;227500;6;0;;;;;
08-02-03-001-0005;C299596876;CCO-16-07-02-00027;carabobo;carlos arvelo;no urbana tacarigua;las tinajas (sin nombre comercial);siembra de pimenton;hortalizas;28/04/2016;2016-12-07;46140530;54;20;70000;0;0;;;;
08-04-02-001-0010;C299626627;CCO-16-07-04-00001;carabobo;guacara;urbana guacara;el sisal (sin nombre comercial);mejoramiento de la capacidad productiva en 19ha; mediante el incremento de superficie de riego en cultivos del sector el sisal ;cereales;26/02/2016;2016-04-27;1500000;7;24500;0;0;;;;
08-06-01-001-0026;C299748846;CCO-16-07-14-00013;carabobo;libertador;urbana tocuyito;rural agricola el maizal (sin nombre comercial);cultivo de leguminosas;leguminosas;18/05/2016;2016-12-07;6396213;53;25;87500;0;0;;;;
08-06-01-001-0122;C299651338;CCO-16-07-14-00014;carabobo;libertador;urbana tocuyito;agrario 24 de junio (sin nombre comercial);plan de siembra de 105 ha. de caraotas;leguminosas;09/06/2016;2016-12-14;26864096;81;105;367500;0;0;;;;
08-14-09-003-0000;C299299820;CCO-16-07-09-00044;carabobo;valencia;no urbana negro primero;majaguito (sin nombre comercial);cria de ganado de doble proposito;cría y engorde de bovinos;11/05/2016;2016-06-15;45000000;NA;NA;0;0;;;;;
09-01-01-Q51-0000;J299413852;CCO-16-08-01-00023;cojedes;anzoátegui;cojedes;el estero (sin nombre comercial);proyecto socio productivo de siembre de leguminosa;leguminosas;17/11/2016;2016-12-27;124086542;39;485;1697500;0;0;;;;
09-01-02-001-0008;C299400025;CCO-16-08-01-00020;cojedes;anzoátegui;juan de mata suárez;puente onoto la mapora (sin nombre comercial);plan de siembra de cereales 2016;cereales;14/04/2016;2016-06-22;26260000;202;707000;81;0;;;;;
09-01-02-001-0019;J299662291;CCO-16-08-01-00022;cojedes;anzoátegui;juan de mata suárez;el pegon;siembra de leguminosas en el ámbito geográfico de la comuna juan de mata suarez;leguminosas;13/10/2016;2017-01-20;199659084;43;780;38;2731330;0;0;;;
09-02-01-001-0086;J299282022;CCO-16-08-02-00011;cojedes;falcón;tinaquillo;quinta republica (sin nombre comercial);impulsar el desarrollo endogeno a traves de la produccion de gallinas ponedoras; municipio tinaquillo estado cojedes;cría y engorde de aves de corral;25/02/2016;2016-12-23;5000000;NA;NA;0;0;;;;
09-02-01-052-0001;C298557826;CCO-16-08-02-00035;cojedes;falcón;tinaquillo;asentamiento campesino la llanera;impulsar el desarrollo endogeno a traves de siembra de leguminosa en el sector la llanera;tinaquillo cojedes;leguminosas;28/08/2016;2016-12-21;25000000;30;105000;0;0;;;;
09-03-02-008-0000;J299384461;CCO-16-08-03-00007;cojedes;girardot;sucre;chiverri (sin nombre comercial);siembra de leguminosas en el sector chiverri;leguminosas;25/10/2016;2016-12-23;122500000;350;1225000;0;0;;;;;
09-03-02-030-0000;J299214000;CCO-16-08-03-00008;cojedes;girardot;sucre;palmita i (sin nombre comercial);siembra de leguminosas en la comunidad de palmita i del municipio girardot;leguminosas;04/11/2016;2016-12-27;226100000;646;2261000;0;0;;;;;
09-03-02-S78-0000;C299625264;CCO-16-08-03-00006;cojedes;girardot;sucre;la batea (sin nombre comercial);plan de siembra de cereales;cereales;23/05/2016;2016-06-22;143000000;1100;3850000;729;660180;;;;;
09-04-01-001-0001;J299371939;CCO-16-08-08-00006;cojedes;lima blanco;macapo;barrio colling (sin nombre comercial);construccion de 1 unidad de produccion de hortalizas en la comunidad del colling macapo municipio lima blanco;hortalizas;26/02/2016;2016-05-04;3600000;12;42000;0;0;;;;;
09-04-01-001-0002;C299309818;CCO-16-08-08-00001;cojedes;lima blanco;macapo;los mangos (sin nombre comercial);equipamiento y dotación para la producción agrícola del sector los mangos; municipio lima blanco; estado cojedes.;leguminosas;22/02/2016;Sin Fecha de Inicio;767545;62;3;10500;0;0;;
09-05-0006;J405508680;COM-16-08-04-00004;cojedes;pao de san juan bautista;el pao;libertadora manuelita saenz;siembra de leguminosas en los territorios de la comuna libertadora manuelita saenz;leguminosas;11/10/2016;2016-12-23;63000000;180;630000;0;0;;;;;
09-05-01-001-0015;C299083828;CCO-16-08-04-00031;cojedes;pao de san juan bautista;el pao;laya;siembra de maiz en el municipio pao.;cereales;31/03/2016;2016-06-15;8000000;100;350000;87;0;;;;;
09-05-01-001-0052;C299315990;CCO-16-08-04-00041;cojedes;pao de san juan bautista;el pao;la y (sin nombre comercial);socioproductivo de leguminosa de la comuna socialista maisanta;leguminosas;07/10/2016;2017-02-01;127924270;500;1750000;0;0;;;;;
09-05-01-001-0055;J299279900;CCO-16-08-04-00032;cojedes;pao de san juan bautista;el pao;las camasas;siembra de cereales en la comunidad las camasas municipio pao.;cereales;31/03/2016;2016-05-04;50000000;400;1400000;186;0;;;;;
09-05-01-001-0061;C299745073;CCO-16-08-04-00035;cojedes;pao de san juan bautista;el pao;el milagro (sin nombre comercial);plan de siembra de cereales(maiz blanco);cereales;13/04/2016;2016-07-20;15000000;100;350000;18;0;;;;;
09-05-01-063-0000;C299562653;CCO-16-08-04-00042;cojedes;pao de san juan bautista;el pao;mata palos (sin nombre comercial);siembra de leguminosas en el ámbito geográfico de la comuna comandante chávez del pao;leguminosas;10/10/2016;2016-12-23;48300000;138;483000;0;0;;;;;
09-06-01-001-0020;C299506567;CCO-16-08-05-00015;cojedes;ricaurte;libertad de cojedes;el jebito (sin nombre comercial);plan de siembra comunal 2016 de cereales en el rubro de maíz;cereales;14/04/2016;2016-06-02;28730000;221;773500;146;221000;;;;;
09-06-01-021-0000;J299215864;CCO-16-08-05-00022;cojedes;ricaurte;libertad de cojedes;genareão;siembra de leguminosas en el ambito geográfico de la comuna comandante eterno hugo chávez fría el arañero;leguminosas;04/10/2016;Sin Fecha de Inicio;35000000;100;350000;0;0;;;;;
09-06-01-P69-0000;C299229636;CCO-16-08-05-00023;cojedes;ricaurte;libertad de cojedes;caã±o hondo centro i;siembra de leguminosas en el ámbito geografico de la comuna zamora vive en tierras de ricaurte;leguminosas;06/10/2016;2016-12-27;52832723;51;206;5;722750;0;0;;;
09-06-01-R26-0000;C299339016;CCO-16-08-05-00003;cojedes;ricaurte;libertad de cojedes;zona de riego la chepera (sin nombre comercial);adquisición de implementos agrícolas para el fortalecimiento de la producción agroalimentaria en zona de riego la chepera ;cereales;29/02/2016;2016-05-04;7000000;1200;4200000;0;0;;;;;
09-06-01-R39-0000;C299259047;CCO-16-08-05-00024;cojedes;ricaurte;libertad de cojedes;genareão ii;siembra de leguminosas en el ámbito geográfico de la comuna comandante eterno hugo chávez frias el arañero;leguminosas;13/10/2016;2016-12-23;15095063;92;59;206500;0;0;;;;
09-07-01-D76-0000;J299405256;CCO-16-08-09-00033;cojedes;rómulo gallegos;rómulo gallegos;jardines de gabinero;siembra de leguminosas en el ámbito geografico de la comuna socialista simón rodriguez;leguminosas;07/10/2016;2017-01-17;12792427;50;175000;0;0;;;;;
09-07-01-P46-0000;J299528544;CCO-16-08-09-00018;cojedes;rómulo gallegos;rómulo gallegos;san marcos el charcote (sin nombre comercial);siembra de 900 hectarias de maiz blanco en el consejo comunal san marcos el charcote;cereales;14/04/2016;2016-06-02;135000000;900;3150000;477;325400;;;;;
09-07-01-P48-0001;J299283576;CCO-16-08-09-00027;cojedes;rómulo gallegos;rómulo gallegos;la yaguara de gabinero;plan de siembra de cereales(maiz blanco);cereales;31/05/2016;2016-06-22;65000000;500;1750000;294;237660;;;;;
09-07-01-Q84-0000;J299315001;CCO-16-08-09-00020;cojedes;rómulo gallegos;rómulo gallegos;el guasimo (sin nombre comercial);plan de siembra (370 ha. maíz blanco) en la comuna 4 de febrero de 1992; municipio rómulo gallegos y ricaurte; estado cojedes;cereales;28/04/2016;2016-06-08;55500000;370;1295000;217;516580;;;
09-07-01-Q88-0000;C299440442;CCO-16-08-09-00016;cojedes;rómulo gallegos;rómulo gallegos;virgen de coromoto pica 4 (sin nombre comercial);plan de siembra de cereales(maiz blanco);cereales;13/04/2016;2016-06-29;65000000;500;1750000;130;237660;;;;;
09-07-01-Q90-0000;J299204730;CCO-16-08-09-00034;cojedes;rómulo gallegos;rómulo gallegos;la yaguara;siembra de leguminosas en el territoria de la comuna los luchadores;leguminosas;31/10/2016;2016-12-27;149100000;426;1491000;0;0;;;;;
09-08-01-O13-0000;J299458490;CCO-16-08-06-00112;cojedes;san carlos;san carlos de austria;la mapora sector i (sin nombre comercial);siembra de 20 hectareas de maiz amarillo en el ambito geografico de la comuna 28 de julio comandante e.hugo chavez cojedes ;cereales;14/04/2016;2016-06-02;4000000;20;70000;1;0;;;;;
09-08-02-005-0000;J299213829;CCO-16-08-06-00017;cojedes;san carlos;juan angel bravo;campo alegre;siembra de leguminosas e insumos;leguminosas;23/02/2016;2016-12-07;5628667;9;22;77000;0;0;;;;
09-08-02-P01-0000;J299745421;CCO-16-08-06-00103;cojedes;san carlos;juan angel bravo;cerro el tigre;siembra de 10 hectareas de caraota en la comunidad de paraguito parroquia juan angel bravo la sierra del estado cojedes;leguminosas;21/03/2016;2016-12-23;2558485;5;10;35000;0;0;;;;
11-01-02-001-0015;J299802751;CCO-16-09-01-00002;falcón;acosta;capadare;milano;siembra de pimentón;hortalizas;11/03/2016;2016-12-07;9228106;11;4;14000;0;0;;;;
11-10-01-W97-0000;J299422584;CCO-16-09-08-00034;falcón;federación;churuguara;el renacer de la nueva santa lucia;siembra y cultivo de cinco hectárea de tomate;hortalizas;02/07/2016;2016-12-07;12582579;95;5;17500;0;0;;;;
12-01-02-001-0001;J299558702;CCO-16-10-08-00023;guárico;camaguán;puerto miranda;brisas de puerto miranda (sin nombre comercial);socio productivo  (hortalizas);hortalizas;30/07/2016;2017-01-17;37747739;84;15;52500;0;0;;;;
12-01-03-029-0000;J299416010;CCO-16-10-08-00014;guárico;camaguán;uverito;la hacienda;siembra de maiz blanco;cereales;04/05/2016;2016-06-15;45900000;170;595000;140;135020;;;;;
12-04-02-001-0002;J299491969;CCO-16-10-15-00070;guárico;san gerónimo de guayabal;cazorla;botalon garcitas;adquisición de ovejo  para la producción de carne en el sector garcitas.;cría y engorde de ovinos;08/03/2016;2016-05-11;5986982;58;NA;NA;0;0;;;;
12-04-02-050-0000;C299614009;CCO-16-10-15-00059;guárico;san gerónimo de guayabal;cazorla;la vigia guamachito;siembra de 50 hectarea de frijol  en el sector la vigia; municipio san gerónimo de guayabal del estado guárico.;leguminosas;01/03/2016;2016-04-22;5898534;87;50;175000;0;0;;;
12-05-0001;J403955956;COM-16-10-01-00004;guárico;leonardo infante;espino;rio espinito;plan de siembra 2016;raíces; tubérculos y cucurbitáceas;16/05/2016;2017-01-17;63581235;9;100;350000;0;0;;;
12-05-0004;J404011285;COM-16-10-01-00002;guárico;leonardo infante;valle de la pascua;comuna camilo cienfuegos (comuna camilo cienfuegos );siembra de 780 hectareas de maiz blanco;cereales;21/04/2016;2016-05-25;101400000;780;2730000;754;740680;;;;;
12-06-0000;J404341820;COM-16-10-10-00005;guárico;las mercedes;las mercedes;pedro perez delgado - maisanta;plan siembra de 1.000 hectareas de maíz blanco de la comuna perdro perez delgado municipio las mercedes ;cereales;11/03/2016;2016-06-02;120000000;1000;3500000;520;64100;;;;;
12-06-01-001-0008;C299303860;CCO-16-10-10-00048;guárico;las mercedes;las mercedes;la manga (sin nombre comercial);siembra de 200 hectáreas de leguminosa;leguminosas;21/07/2016;2017-01-17;70084639;3;200;700000;0;0;;;;
12-06-01-001-0023;J299303216;CCO-16-10-10-00026;guárico;las mercedes;las mercedes;el tacal los caros (sin nombre comercial);siembra de maìz blanco para la producciòn agrícola ;cereales;11/05/2016;2016-06-15;78000000;600;2100000;597;1058140;;;;;
12-06-01-001-0031;C299551325;CCO-16-10-10-00007;guárico;las mercedes;las mercedes;mariscal sucre;modulos de agricultura urbana;hortalizas;28/02/2016;2016-12-27;9228106;11;4;14000;0;0;;;;
12-06-01-001-0034;J317152697;CCO-16-10-10-00011;guárico;las mercedes;las mercedes;la entrada 2021;sistema de siembra de maiz amarillo por 500 hectarea norte verano;cereales;06/03/2016;2016-06-22;35000000;500;1750000;500;242140;;;;;
12-06-01-032-0000;J299418102;CCO-16-10-10-00012;guárico;las mercedes;las mercedes;san miguiel morillero;siembra de maiz 2016;cereales;10/03/2016;2016-06-29;22896000;540;1890000;270;82480;;;;;
12-06-01-044-0000;J299303518;CCO-16-10-10-00018;guárico;las mercedes;las mercedes;murianga;producción de maíz amarillo; ciclo 2016;cereales;30/03/2016;2016-04-22;64800000;480;1680000;480;455147;;;;
12-06-01-049-0001;J299303666;CCO-16-10-10-00029;guárico;las mercedes;las mercedes;jobo mocho - buena vista;siembra de 800 hectareas de maiz blanco en el sector rural jobo mocho buena vista;cereales;19/05/2016;2016-06-15;100000000;800;2800000;770;385020;;;;;
12-06-01-065-0000;J299034410;CCO-16-10-10-00021;guárico;las mercedes;las mercedes;el carmen;siembra de maìz blanco;cereales;26/04/2016;2016-05-25;78000000;600;2100000;497;265100;;;;;
12-06-01-074-0000;J299195456;CCO-16-10-10-00022;guárico;las mercedes;las mercedes;la porfia del gavilan;plan siembra sorgo 2016;cereales;05/05/2016;2016-06-15;52000000;400;1400000;0;0;;;;;
12-06-02-001-0002;C299291617;CCO-16-10-10-00010;guárico;las mercedes;cabruta;brisas del sur;siembra comunal de maiz;cereales;29/02/2016;2016-06-02;91800000;680;2380000;504;39820;;;;;
12-06-02-001-0014;J299254789;CCO-16-10-10-00057;guárico;las mercedes;cabruta;fuerzas armadas ii;siembra de leguminosas; con el fin de avastecer al estdo venezolano;leguminosas;21/08/2016;2017-01-17;105126958;95;300;1050000;0;0;;;
12-07-01-001-0020;J299533483;CCO-16-10-02-00004;guárico;julián mellado;el sombrero;asentamiento campesino masaguare;siembra de 1080 hectáreas de maíz blanco en el sector masaguare en el municipio julian mellado.;cereales;21/04/2016;2016-06-15;140400000;1080;3780000;1066;569920;;;;;
12-07-01-021-0000;J299330876;CCO-16-10-02-00002;guárico;julián mellado;el sombrero;campo llano;plan siembra de cereales 2016. maiz blanco consumo humano.;cereales;25/02/2016;2016-04-06;33600000;1200;4200000;120;156260;;;;;
12-07-02-001-0000;J299520136;CCO-16-10-02-00008;guárico;julián mellado;sosa;las lajitas (sin nombre comercial);sistema de produccion agricola.;cereales;11/05/2016;2016-06-15;24000000;200;700000;25;27840;;;;;
12-08-01-001-0023;J299500704;CCO-16-10-03-00059;guárico;francisco de miranda;calabozo;la vaca circuito ii (sin nombre comercial);siembra de 769 hectáreas de arroz por el consejo comunal la vaca circuito ii ;cereales;27/04/2016;2016-05-25;199940000;769;2691500;610;623560;;;;;
12-08-01-001-0037;J299722731;CCO-16-10-03-00048;guárico;francisco de miranda;calabozo;la floreña;siembra de 200 hectareas de arroz periodo invierno 2016.;cereales;31/03/2016;2016-04-22;53800000;200;700000;100;60500;;;;;
12-08-01-001-0043;J299502910;CCO-16-10-03-00088;guárico;francisco de miranda;calabozo;la franquera;siembra de 450 ha de arroz.;cereales;20/07/2016;2016-07-27;145800000;450;1575000;141;0;;;;;
12-08-01-001-0050;J299503177;CCO-16-10-03-00093;guárico;francisco de miranda;calabozo;herrera guariquito;siembra 450 hectareas de arros paddy ;cereales;20/07/2016;2016-07-27;145800000;450;1575000;250;258480;;;;;
12-08-01-001-0053;J299501239;CCO-16-10-03-00052;guárico;francisco de miranda;calabozo;luces de mocapra (sin nombre comercial);siembra de 769 hectáreas de arroz en el consejo comunal luces de mocapra ;cereales;12/04/2016;2016-05-11;199940000;769;2691500;719;1404740;;;;;
12-08-01-001-0066;J299500968;CCO-16-10-03-00017;guárico;francisco de miranda;calabozo;lecherito ii grupo ii;siembra de 600 hect. de arroz y adquisicion de 02 niveladoras agricolas;cereales;28/02/2016;2016-04-06;125846046;600;2100000;600;2010000;;;;;
12-08-01-001-0072;C317464060;CCO-16-10-03-00062;guárico;francisco de miranda;calabozo;lecherito iv;siembra de 600 arroz paddy en el sector lecherito iv; parroquia calabozo municipio francisco de miranda estado guárico. ;cereales;04/05/2016;2016-05-25;180000000;600;2100000;583;1283560;;;;
12-08-01-001-0087;C299782319;CCO-16-10-03-00061;guárico;francisco de miranda;calabozo;el palito caño hondo;siembra de 730 has. de arroz paddy en el sector la comuna productores de la patria;cereales;04/05/2016;2016-06-15;196370000;730;2555000;619;400060;;;;;
12-08-01-001-0104;J299195693;CCO-16-10-03-00090;guárico;francisco de miranda;calabozo;medanito chamisero (sin nombre comercial);siembra de 500 hectáreas de arroz paddy en el sector medanito chamicero de la parroquia calabozo del estado guarico;cereales;20/07/2016;2016-07-27;162000000;500;1750000;100;817740;;;;;
12-08-01-001-0119;J299572691;CCO-16-10-03-00016;guárico;francisco de miranda;calabozo;uverito pereño b 4-d;siembra de 500 hectareas de arroz y const. de galpon de almacenamiento de agroquimicos y fertilizantes sector uverito pereño ;cereales;27/02/2016;2016-04-06;106821705;500;1750000;500;1289800;;;;;
12-08-01-001-0133;J299799238;CCO-16-10-03-00051;guárico;francisco de miranda;calabozo;asentamiento campesino el tres;siembra de 769 hectáreas de arroz en el consejo comunal asentamiento campesino el tres ;cereales;12/04/2016;2016-05-11;199940000;769;2691500;589;1413460;;;;;
12-08-01-002-0000;J299257850;CCO-16-10-03-00054;guárico;francisco de miranda;calabozo;palo seco (sin nombre comercial);siembra de 400 hectareas de maiz blanco;cereales;13/04/2016;2016-05-11;52000000;400;1400000;230;424720;;;;;
12-08-01-020-0000;J405611812;CCO-16-10-03-00066;guárico;francisco de miranda;calabozo;el frio;siembra de 549 hectáreas de arroz en el sector el frió del municipio francisco de miranda del estado guárico.;cereales;13/05/2016;2016-06-15;164700000;549;1921500;465;817740;;;;;
12-08-01-024-0000;C299520861;CCO-16-10-03-00089;guárico;francisco de miranda;calabozo;lecherito i grupo i al 4;siembra de 400 has de arroz;cereales;20/07/2016;2016-07-27;129600000;400;1400000;300;91040;;;;;
12-08-01-025-0002;C299743780;CCO-16-10-03-00045;guárico;francisco de miranda;calabozo;lecherito v productores agropecuario;limpieza y conformacion de 12 km de canales de riego y drenaje para 800 ha. de arroz del consejo comunal ;cereales;30/03/2016;2016-04-22;8140202;86;800;2800000;60;0;;;;
12-08-01-025-0005;J400789656;CCO-16-10-03-00094;guárico;francisco de miranda;calabozo;lecherito 1-5;siembra de 250 ha de arroz en el sector lecherito 1-5;cereales;21/07/2016;2016-07-27;81000000;250;875000;27;38080;;;;;
12-08-01-026-0000;C299303879;CCO-16-10-03-00050;guárico;francisco de miranda;calabozo;los lorenzos (sin nombre comercial);siembra de 769 hectareas de arroz en el consejo comunal los lorenzos;cereales;12/04/2016;2016-05-11;199940000;769;2691500;724;1559240;;;;;
12-08-01-044-0001;C299503550;CCO-16-10-03-00091;guárico;francisco de miranda;calabozo;matetigre los jagueyes;siembra de 400 ha de arroz;cereales;20/07/2016;2016-07-27;129600000;400;1400000;313;869640;;;;;
12-08-01-048-0000;J299304050;CCO-16-10-03-00092;guárico;francisco de miranda;calabozo;tapicito (sin nombre comercial);siembra 300 hectareas de arroz paddy en el consejo comunal tapicito;cereales;20/07/2016;2016-07-27;97200000;300;1050000;60;85200;;;;;
12-08-01-064-0000;J299671290;CCO-16-10-03-00049;guárico;francisco de miranda;calabozo;concejo comunal vaca vieja (sin nombre comercial);siembra de 700 has de arroz en el sector vaca vieja de la comuna productores revolucionarios;cereales;01/04/2016;2016-04-22;188300000;700;2450000;669;869640;;;;;
12-08-04-001-0008;J317385705;CCO-16-10-03-00046;guárico;francisco de miranda;guardatinajas;pedro perez delgado maisanta;plan de siembra de maiz blanco 2016;cereales;30/03/2016;2016-04-22;91000000;700;2450000;0;0;;;;;
12-09-02-001-0001;J313960217;CCO-16-10-04-00037;guárico;josé tadeo monagas;lezama;la morita;siembra del cultivo de tomate en el sector la morita;parroquia san francisco javier de lezama; edo guárico;hortalizas;31/08/2016;2017-01-17;37747739;84;15;52500;0;0;;
12-10-03-001-0003;J299533327;CCO-16-10-12-00008;guárico;ortíz;san josé de tiznados;laguna de piedra i;siembra de maiz amarillo;cereales;18/03/2016;2016-04-22;67500000;500;1750000;306;467260;;;;;
12-11-0002;J405320699;COM-16-10-05-00003;guárico;josé félix ribas;san rafael de laya;juana la avanzadora layense;siembra de 800 ha de cultivo de sorgo.;cereales;26/04/2016;2016-06-22;96000000;800;2800000;280;35440;;;;;
12-11-0003;J405320680;COM-16-10-05-00004;guárico;josé félix ribas;san rafael de laya;heroina manuelita saenz;siembra de 1200 ha de sorgo.;cereales;26/04/2016;2016-07-20;144000000;1200;4200000;234;35440;;;;;
12-11-01-001-0002;J299633470;CCO-16-10-05-00031;guárico;josé félix ribas;tucupido;isla nueva (sin nombre comercial);siembra de 270 hectáreas de maíz amarillo; en la comunidad de isla nueva; municipio ribas; guarico.;cereales;13/04/2016;2016-05-11;32400000;270;945000;116;0;;
12-11-01-001-0022;J299302392;CCO-16-10-05-00026;guárico;josé félix ribas;tucupido;el caro barrio zaraza (sin nombre comercial);siembra de maiz amarillo en el sector comunal el caro barrio zaraza;cereales;08/04/2016;2016-05-11;33750000;250;875000;153;37790;;;;;
12-11-01-001-0024;J299860468;CCO-16-10-05-00033;guárico;josé félix ribas;tucupido;pascualero roblecito;plan de siembra: de 400 hectareas de maiz amarillo; en la comunidad rural pascualero; municipio jose felix ribas; guarico.;cereales;15/04/2016;2016-05-11;25000000;250;875000;80;45270;;
12-11-01-007-0000;J299833797;CCO-16-10-05-00028;guárico;josé félix ribas;tucupido;arenita;siembra de 250 hectareas de maiz amarillo ;cereales;11/04/2016;2016-05-11;32500000;250;875000;153;13040;;;;;
12-11-01-035-0000;J299302635;CCO-16-10-05-00024;guárico;josé félix ribas;tucupido;cuji negro;plan de siembra comunal 2500 hectareas de maiz amarillo ciclo invierno 2016- 2017; bajo la figura del consejo comunal cuji negro;cereales;12/03/2016;2016-06-22;200000000;2500;8750000;1131;679840;;;;
12-11-01-047-0000;J299493716;CCO-16-10-05-00047;guárico;josé félix ribas;tucupido;el medano (sin nombre comercial);plan de siembra de 250 hectareas de maiz; en la comunidad rural el medano; municipio ribas; guarico.;cereales;21/05/2016;2016-06-15;35000000;250;875000;92;48780;;
12-11-01-060-0000;J299683710;CCO-16-10-05-00042;guárico;josé félix ribas;tucupido;el guasdual;plan de siembra comunal  1000 hectareas de sorgo (consumo) para contribuir a la seguridad y soberanía agroalimentaria.;cereales;11/05/2016;2016-06-15;125000000;1000;3500000;70;0;;;;;
12-11-01-154-0000;J299650196;CCO-16-10-05-00041;guárico;josé félix ribas;tucupido;camacho (sin nombre comercial);plan de siembra: el mismo contempla la siembra de 220 has de sorgo; en la comunidad rural de camacho; municipio jose felix ribas;cereales;10/05/2016;2016-06-15;26400000;220;770000;220;0;;;
12-11-01-227-0000;J299743313;CCO-16-10-05-00036;guárico;josé félix ribas;tucupido;el venado;plan de siembra comunal 920 hectareas de maiz amarillo ciclo invierno 2016- 2017; para el impulso agroalimentario del pais;cereales;23/04/2016;2016-06-22;124200000;920;3220000;610;129860;;;;
12-11-01-D64-0000;J299830895;CCO-16-10-05-00025;guárico;josé félix ribas;tucupido;la trinidad (sin nombre comercial);siembra de 260 has de maiz amarillo en la comunidad la trinidad; municipio ribas del estado guarico.;cereales;08/04/2016;2016-05-11;39000000;260;910000;204;37460;;;;
12-11-02-001-0001;J299534552;CCO-16-10-05-00007;guárico;josé félix ribas;san rafael de laya;brisas de oriente;cultivo de 04 hectareas de hortalizas (cebolla).;hortalizas;17/02/2016;2016-05-04;2900000;4;14000;0;0;;;;;
12-11-02-001-0003;J299237388;CCO-16-10-05-00008;guárico;josé félix ribas;san rafael de laya;pueblo nuevo (sin nombre comercial);producción de 5 hectareas tomate en el sector pueblo nuevo de san rafael de laya; mumicipio ribas del estado guarico;hortalizas;17/02/2016;2016-04-27;2900000;5;17500;0;0;;;;
12-11-02-007-0000;J299730963;CCO-16-10-05-00030;guárico;josé félix ribas;san rafael de laya;las piedras;siembra de maiz amarillo en el sector comunal las piedras;cereales;13/04/2016;2016-05-11;33750000;250;875000;147;39250;;;;;
12-14-01-025-0000;J299399590;CCO-16-10-13-00017;guárico;santa maría de ipire;santa maría de ipire;acaprito;siembra de maiz amarillo;cereales;10/05/2016;2016-06-15;22100000;170;595000;111;12580;;;;;
12-14-01-107-0000;C299592510;CCO-16-10-13-00015;guárico;santa maría de ipire;santa maría de ipire;chaparrote;siembra de 200 ha de maiz amarillo en el sector chaparrote del municipio santa maria de ipire del estado guarico;cereales;14/04/2016;2016-05-11;27000000;200;700000;179;65020;;;;;
12-14-01-E04-0000;J299611409;CCO-16-10-13-00014;guárico;santa maría de ipire;santa maría de ipire;culpino;siembra de maiz amarillo en el caserio culpino del municipio santa maria de ipire del estado guarico;cereales;07/04/2016;2016-05-11;20250000;150;525000;118;30660;;;;;
12-15-0000;J402591063;COM-16-10-07-00006;guárico;pedro zaraza;zaraza;cacique tamanaco;plan de siembra comunal 2016.;cereales;09/03/2016;2016-06-02;216000000;1800;6300000;1560;704360;;;;;
12-15-0005;J404500014;COM-16-10-07-00009;guárico;pedro zaraza;zaraza;general pedro zaraza;plan de siembra 2016 maiz blanco;cereales;21/03/2016;2016-04-22;120000000;1000;3500000;754;500380;;;;;
12-15-0006;J404015531;COM-16-10-07-00003;guárico;pedro zaraza;zaraza;corazon de mi patria;plan de siembra comunal 2016; comuna corazón de mi patria; zaraza estado guárico.;cereales;04/03/2016;2016-06-02;43623972;6;780;2730000;710;450180;;
12-15-01-001-0077;C400790115;CCO-16-10-07-00013;guárico;pedro zaraza;zaraza;la reforma;plan siembra . 1146 hectarias de maiz blanco consejo comunal la  reforma;cereales;11/05/2016;2016-06-22;148980000;1146;4011000;0;0;;;;;
12-15-01-B85-0000;J302763878;CCO-16-10-07-00007;guárico;pedro zaraza;zaraza;sabana grande pereãita;siembra de 1280 hetareas de maiz blanco. ;cereales;14/03/2016;2016-04-22;166400640;1280;4480000;1250;894100;;;;;
12-15-02-001-0002;J299195928;CCO-16-10-07-00012;guárico;pedro zaraza;san josé de unare;las lomas;plan siembra de 653 hectareas de maiz amarillo comuna antonio lopez parroquia san jose de unare zaraza guarico;cereales;10/05/2016;2016-06-15;117540000;653;2285500;592;187180;;;;;
12-15-02-008-0000;J299809462;CCO-16-10-07-00010;guárico;pedro zaraza;san josé de unare;guaribito;plan siembra 2016 en el consejo comunal guaribito ubicado en la parroquia san jose de unare.;cereales;09/05/2016;2016-06-15;58500000;450;1575000;110;37120;;;;;
13-02-01-021-0002;J299275352;CCO-16-11-01-00031;lara;crespo;freitez;unidos quebrada de oro (sin nombre comercial);siembra de 3;5 hectareas de tomate;hortalizas;10/06/2016;2016-12-07;8807805;96;3;5;12250;0;0;;
13-03-01-001-0093;C401617581;CCO-16-11-02-00102;lara;iribarren;catedral;altos de bello monte;siembra de 150 hectareas de maiz amarillo;cereales;25/04/2016;2016-05-25;18000000;150;525000;100;30980;;;;;
13-03-07-001-0047;J299291510;CCO-16-11-02-00032;lara;iribarren;unión;algari sector la laguna (sin nombre comercial);consolidacion socioproductiva avicola la laguna;cría y engorde de aves de corral;25/02/2016;2017-02-01;5000000;NA;NA;0;0;;;;;
13-03-07-001-0082;C299617431;CCO-16-11-02-00035;lara;iribarren;unión;algari sector iglesia vieja (sin nombre comercial);proyecto socio-productivo para la cría y levante de lechones en la comunidad algari sector iglesia vieja  ;cría y engorde de porcinos;26/02/2016;2016-12-21;7000000;NA;NA;0;0;;;;;
13-03-07-009-0000;J299327794;CCO-16-11-02-00033;lara;iribarren;unión;simara verde;proyecto socio productivo para la cria de gallinas ponedoras;cría y engorde de aves de corral;25/02/2016;2016-12-21;5000000;NA;NA;0;0;;;;;
13-03-07-V40-0000;C299483354;CCO-16-11-02-00020;lara;iribarren;unión;la puerta ii (no indica);proyecto socioproductivo para la cria de pollos de engorde  en el sector la puerta de algari; parroquia union ;cría y engorde de aves de corral;24/02/2016;2016-12-21;4500000;NA;NA;0;0;;;;
13-03-07-V40-0004;C401558437;CCO-16-11-02-00107;lara;iribarren;unión;sangre de pueblo indigena (sapui);proyecto socioproductivo agricola para el desarrollo y produccion de caraotas ;leguminosas;11/05/2016;2016-12-07;3837728;12;15;52500;0;0;;;;
13-03-08-001-0001;J299952826;CCO-16-11-02-00047;lara;iribarren;aguedo felipe alvarado;jose felix rivas (sin nombre comercial);proyecto socioproductivo para la producción de maiz en el caserío páramo negro;cereales;26/02/2016;2016-06-08;2500000;15;52500;3;0;;;;;
13-03-08-001-0044;J316626962;CCO-16-11-02-00018;lara;iribarren;aguedo felipe alvarado;paramo negro;proyecto socioproductivo para la producción de caraotas en el caserío páramo negro sector las guarabas.;leguminosas;24/02/2016;2016-04-22;3000000;10;35000;0;0;;;;;
13-03-08-080-0000;C299311260;CCO-16-11-02-00014;lara;iribarren;aguedo felipe alvarado;tumbacoa (sin nombre comercial);proyecto cria y engorde de caprinos;cría y engorde de caprinos;23/02/2016;2016-05-11;3000000;NA;NA;0;0;;;;;
13-04-07-001-0004;C299428540;CCO-16-11-03-00036;lara;jiménez;josé bernardo dorante;vera grande;produccion de pimentón a cielo abierto;hortalizas;03/03/2016;2016-04-22;4350000;8;28000;0;0;;;;;
13-04-07-081-0000;C299705101;CCO-16-11-03-00040;lara;jiménez;josé bernardo dorante;cerro moron (no indica);producción de pimentón a cielo abierto;hortalizas;06/03/2016;2016-04-22;4550000;10;35000;0;0;;;;;
13-05-01-V30-0000;J299278602;CCO-16-11-04-00041;lara;morán;bolívar;los pinos (no indica);plan de siembra de hortalizas en el caserio las crucecitas; parroquia bolívar; municipio moran;hortalizas;21/03/2016;2016-04-27;2500000;10;35000;0;0;;;
13-05-04-066-0003;C403799237;CCO-16-11-04-00053;lara;morán;hilario luna y luna;mariloncita ii;siembra de 9 hectareas de caraotas en el caserio mariloncita 2 de la parroquia hilario luna luna;municipio moran; estado lara;leguminosas;31/05/2016;2017-02-01;2302636;87;9;31500;0;0;;
13-07-0000;C402336810;COM-16-11-09-00006;lara;simón planas;gustavo vegas león;el maizal (no indica);siembra de 600 hectareas de maiz blanco en el ambito de la comuna el maizal;cereales;04/05/2016;2016-06-08;69000000;600;2100000;600;1966660;;;;;
13-07-0001;C402772459;COM-16-11-09-00005;lara;simón planas;buría;socialista negro miguel (no indica);plan siembra 2016: 460 hectareas de maiz blanco en el sector el cuadrado; predio negro miguel.;cereales;27/04/2016;2016-06-29;52900000;460;1610000;400;170900;;;;
13-07-0002;J402952635;COM-16-11-09-00004;lara;simón planas;buría;minas de buria;siembra de 400 hectareas de maiz blanco en el ambito de la comuna minas de buria;cereales;21/03/2016;2016-05-11;32000000;400;1400000;288;53900;;;;;
13-07-0003;C403377855;COM-16-11-09-00001;lara;simón planas;buría;revolucionarios de buria con el cuartel de la montaña (no indica);plan siembra cereales 2016;cereales;04/03/2016;2016-05-25;20000000;250;875000;89;51780;;;;;
13-07-02-002-0002;C312758210;CCO-16-11-09-00011;lara;simón planas;buría;el saman;construccion de una e.p.s.d.c de porcinos madres paridora y levantes de lechones en el sector el totumo predio negro miguel ;cría y engorde de porcinos;08/05/2016;2016-06-15;9000000;NA;NA;0;0;;;;;
13-08-03-001-0033;C299581470;CCO-16-11-06-00076;lara;torres;camacaro;julio pastran sector yabito abajo (sin nombre comercial);siembra de hortalizas en el consejo comunal julio pastran de yabito abajo pquia reyes vargas mcpio torres edo lara;hortalizas;14/03/2016;2016-05-04;6000000;20;70000;0;0;;;;;
13-08-13-001-0003;C307532050;CCO-16-11-06-00008;lara;torres;montes de oca;eladio mendoza;ampliación de laguna comunera con fines socioproductivos y mejoras del sistema de acueducto para la activación de patios product;hortalizas;20/02/2016;2016-04-06;4000000;30;105000;0;0;;;;;
13-09-01-001-0032;J400551609;CCO-16-11-07-00048;lara;urdaneta;siquisique;corobore abajo;proyecto socioproductivo de siembra de hortalizas(2ha de cebolla;3ha de maiz;2 ha de pimenton y 2 ha de aji dulce);hortalizas;01/03/2016;2016-04-22;4536011;95;NA;NA;0;0;;
13-09-01-135-0000;J299863815;CCO-16-11-07-00056;lara;urdaneta;siquisique;corobore arriba (no indica);proyecto socioproductivo de siembra de hortalizas y cereales(2 ha de cebolla;1 ha de pimenton;1 ha de tomate y 2 ha de maiz);hortalizas;11/03/2016;2016-04-22;4985128;89;6;21000;0;0;;
13-09-04-001-0005;J309082752;CCO-16-11-07-00027;lara;urdaneta;xaguas;la palma real;proyecto socioproductivo para la siembra de hortalizas;hortalizas;25/02/2016;2016-05-18;4960588;6;15;52500;0;0;;;;
13-09-04-009-0000;C299927465;CCO-16-11-07-00073;lara;urdaneta;xaguas;el milagro de buchalito;proyecto socioproductivo de siembra de 50 ha de maiz en la comunidad de buchalito;cereales;09/05/2016;2016-06-15;4927940;44;50;175000;0;0;;;;
14-04-01-004-0000;J299384348;CCO-16-12-22-00003;mérida;aricagua;aricagua;los azulejos (sin nombre comercial);granja integral para la siembra de leguminosas para sector los azules del municipio aricagua;leguminosas;31/05/2016;2016-12-14;1279242;71;5;17500;0;0;;;;
15-01-08-J05-0000;J400561752;CCO-16-13-01-00006;miranda;acevedo;capaya;san ignacio rio negro;siembra de maíz (zea mayz) en el sector trocha 6 de río negro parroquia capaya; municipio acevedo del estado miranda.;cereales;12/05/2016;2016-06-15;12755000;100;350000;5;0;;;;
15-05-01-001-0010;J299979538;CCO-16-13-20-00011;miranda;buroz;mamporal;la troja (sin nombre comercial);siembra de yuca;raíces; tubérculos y cucurbitáceas;16/03/2016;Sin Fecha de Inicio;635812;36;1;3500;0;0;;;
15-18-0001;C405025379;COM-16-13-15-00003;miranda;simón bolívar;san francisco de yare;impulsores comunitarios de la pica;plan siembra norte verano de 70 has. de yuca;raíces; tubérculos y cucurbitáceas;12/09/2016;Sin Fecha de Inicio;44506865;2;70;245000;0;0;;;
15-18-01-001-0021;J299541451;CCO-16-13-15-00002;miranda;simón bolívar;san francisco de yare;la pica calle la bozua ii (sin nombre comercial);plan siembra 2016 comuna impulsores comunitarios de la pica;cereales;09/03/2016;2016-05-18;2500000;12;42000;10;0;;;;;
15-19-0002;J403557705;COM-16-13-09-00005;miranda;sucre;la dolorita;comuna bicentenario (muna bicentenario);plan de siembra;raíces; tubérculos y cucurbitáceas;08/03/2016;2017-02-15;12716247;2;20;70000;0;0;;;
15-19-0008;C408614596;COM-16-13-09-00008;miranda;sucre;caucagüita;comuna brisas de turumo;siembra agricola 27 de febrero de 10 has. de yuca;raíces; tubérculos y cucurbitáceas;11/03/2016;2017-02-22;6358123;6;10;35000;0;0;;;
15-19-0012;J405052368;COM-16-13-09-00002;miranda;sucre;caucagüita;vista al guaraira repano;plan de siembra de 50 has. de yuca;raíces; tubérculos y cucurbitáceas;07/03/2016;Sin Fecha de Inicio;31790618;50;175000;0;0;;;;
15-19-01-001-0219;C309207938;CCO-16-13-09-00018;miranda;sucre;petare;victoria bolivariana;siembra socialista ezequiel zamora;hortalizas;26/02/2016;2016-05-11;2000000;1;3500;0;0;;;;;
15-19-01-B18-0000;J299978027;CCO-16-13-09-00029;miranda;sucre;petare;colinas de la bombilla;granja avicola integral;cría y engorde de aves de corral;15/03/2016;2017-03-08;25900000;NA;NA;0;0;;;;;
15-19-02-E22-0002;C299950564;CCO-16-13-09-00027;miranda;sucre;caucagüita;la embajada (no indica);sembrando para la soberanía alimentaria ;raíces; tubérculos y cucurbitáceas;11/03/2016;2017-02-22;4450686;52;7;24500;0;0;;;
15-19-03-J09-0022;C306641092;CCO-16-13-09-00037;miranda;sucre;fila de mariches;la sultana del avila;plan de siembra comunal  de has. de yuca;raíces; tubérculos y cucurbitáceas;29/03/2016;2017-02-15;38148741;6;60;210000;0;0;;;
15-20-01-001-0058;C307736291;CCO-16-13-10-00004;miranda;urdaneta;cúa;popular agrario sacuas (sin nombre comercial);la siembra de petroleo del comandante y sistema de riego para la siembra de 80 has de yuca;raíces; tubérculos y cucurbitáceas;15/03/2016;2017-03-08;50864988;80;280000;0;0;;;;
15-21-0005;J405375051;COM-16-13-11-00002;miranda;zamora;bolívar;juramento en el monte sacro;sistema de producción agro alimentario;hortalizas;24/02/2016;2017-01-17;37747739;88;30;105000;0;0;;;;
16-01-01-001-0000;J299576751;CCO-16-14-01-00007;monagas;acosta;capital acosta;los corocillos (sin nombre comercial);siembra de tomates en la comunidad de los corocillos;hortalizas;15/07/2016;2016-12-14;50330319;78;20;70000;0;0;;;;
16-03-0002;J405022787;COM-16-14-02-00001;monagas;bolívar;capital bolívar;juana ramirez la avanzadora;plan de siembra socioproductiva de tuberculos en la comuna juana ramirez   ;raíces; tubérculos y cucurbitáceas;23/02/2016;2016-12-07;6358123;59;10;35000;0;0;;;
16-07-01-001-0004;J308598224;CCO-16-14-06-00019;monagas;libertador;capital libertador;las delicias;producción de 1100 has de sorgo;cereales;13/05/2016;2016-06-15;142560000;1100;3850000;333;0;;;;;
16-07-01-001-0017;C299901202;CCO-16-14-06-00013;monagas;libertador;capital libertador;libertador;producciòn de 1200 has. de maíz amarillo ;cereales;29/03/2016;2016-05-11;129600000;1200;4200000;1010;175010;;;;;
16-07-01-002-0001;C306705538;CCO-16-14-06-00018;monagas;libertador;capital libertador;mata negra (no indica);produccion de 1000 has. de sorgo;cereales;12/05/2016;2016-06-15;129600000;1000;3500000;0;0;;;;;
16-07-01-005-0001;J299855499;CCO-16-14-06-00008;monagas;libertador;capital libertador;el corozo (sin nombre comercial);produccion de 100 has. de raices y tuberculos;raíces; tubérculos y cucurbitáceas;29/02/2016;2016-04-22;10840000;100;350000;0;0;;;;
16-12-01-002-0000;J299705225;CCO-16-14-10-00009;monagas;sotillo;capital sotillo;apostadero (sin nombre comercial);siembra de yuca dulce en la comunidad de apostadero ;raíces; tubérculos y cucurbitáceas;18/07/2016;2016-12-14;22253432;57;35;122500;0;0;;;
16-12-02-001-0016;C299848093;CCO-16-14-10-00002;monagas;sotillo;los barrancos de fajardo;punta de piedra de san roque (no indica);cria de cerdo en la comunidad de punta de piedra de san roque.;cría y engorde de porcinos;20/05/2016;2016-06-15;30000000;NA;NA;0;0;;;;;
18-02-0000;J406380792;COM-16-16-01-00003;portuguesa;araure;capital araure;guaimaral portuguesa socialista; preparacion; siembra; mantenimiento y cosecha de 300hectareas de maiz blanco municipio araure;cereales;30/03/2016;2016-05-25;54000000;300;1050000;150;266420;;;
18-02-0003;J405573392;COM-16-16-01-00002;portuguesa;araure;río acarigua;comuna agroindustrial rio buchy;siembra de 535 has de maiz de la comuna agroindustrial rio buchy;cereales;28/03/2016;2016-06-02;96300000;535;1872500;456;120220;;;;;
18-04-0001;J405609761;COM-16-16-03-00004;portuguesa;guanare;capital guanare;socialista valles de suruapay;siembra de 220 hectarias de maíz blanco en la comuna socialista valles de suruapay en el municipio guanare;cereales;12/05/2016;2016-06-15;39600000;220;770000;160;138360;;;;;
18-04-0005;J405614293;COM-16-16-03-00001;portuguesa;guanare;capital guanare;nueva belen;siembra de 100 has de maiz blanco para la comuna nueva;cereales;04/04/2016;2016-05-11;18000000;100;350000;3;0;;;;;
18-04-0006;J405471115;COM-16-16-03-00002;portuguesa;guanare;virgen de la coromoto;socialista indio coromoto;preparacion; siembra; mantenimiento y cosecha de 250 hectareas de maiz blanco por la comuna indio coromoto municipio guanare;cereales;04/05/2016;2016-05-25;45000000;250;875000;111;100160;;;
18-05-0000;J404339329;COM-16-16-04-00003;portuguesa;guanarito;divina pastora;divina pastora;siembra de 1000 hectareas de maiz blanco en la comuna divina pastora del municipio guanarito;cereales;18/03/2016;2016-05-25;180000000;1000;3500000;399;318340;;;;;
18-07-0000;J405614226;COM-16-16-05-00001;portuguesa;ospino;aparición;chiriguare 2006;preparacion-siembra-mantenimiento-cosecha de 500 hectareas de maiz blanco por la comuna chiriguare 2006; municipio ospino;cereales;25/04/2016;2016-05-25;90000000;500;1750000;299;473420;;;;
18-08-04-008-0001;J299644412;CCO-16-16-06-00007;portuguesa;páez;ramón peraza;maratan;siembra de 32 has de maiz amarillo para el consejo comunal maratan;cereales;04/05/2016;2016-05-25;5760000;32;112000;0;0;;;;;
18-10-0003;J405733012;COM-15-16-12-00004;portuguesa;san genaro de boconoito;antolín tovar;ali primera el cantor del pueblo;preparacion y siembra de 20 hectareas de tomates;sistema de riego;06/10/2015;2015-12-11;5720000;NA;NA;0;0;;;;;
18-12-02-002-0000;C299585130;CCO-16-16-14-00010;portuguesa;santa rosalía;florida;consejo comunal poblado 3;sector i (sin nombre comercial);siembra de 270 hectareas de caraota en el consejo comunal poblado iii sector i del municipio santa rosalia;leguminosas;24/08/2016;2016-12-14;69079106;7;270;945000;0;0;;;
18-12-02-014-0000;C299657786;CCO-16-16-14-00009;portuguesa;santa rosalía;florida;la redoma;siembra de 300 hectareas de caraotas en el consejo comunal la redoma del municipio santa rosalia;leguminosas;24/08/2016;2016-12-14;76754562;3;300;1050000;0;0;;;;
18-14-0000;J405573406;COM-16-16-08-00002;portuguesa;turén;santa cruz;agroecoturistica industrial el alfa de santa cruz;preparacion; siembra; mantenimiento y cosecha de 1100 hectareas de maiz blanco; comuna alfa de santa cruz;cereales;02/05/2016;2016-06-15;198000000;1100;3850000;1060;1524500;;
19-01-01-P76-0000;J299421464;CCO-16-17-11-00002;sucre;andrés eloy blanco;mariño;las minas (sin nombre comercial);siembra y cultivo de 40has de maiz;cereales;14/02/2016;2016-06-15;6000000;40;140000;38;0;;;;;
19-01-02-001-0017;J314134728;CCO-16-17-11-00011;sucre;andrés eloy blanco;rómulo gallegos;la victoria;siembra de 10has de yuca.;raíces; tubérculos y cucurbitáceas;18/04/2016;2016-12-21;6358123;59;10;35000;0;0;;;
19-03-0001;J405377046;COM-16-17-01-00002;sucre;arismendi;san juan de las galdonas;agro-pesquera-turistica horizonte de paria;siembra de 100 hectáreas de yuca para aumentar la producción agrícola y combatir la guerra económica;raíces; tubérculos y cucurbitáceas;29/03/2016;2016-05-04;10000000;100;350000;0;0;;;;
19-03-01-001-0038;J299513903;CCO-16-17-01-00027;sucre;arismendi;río caribe;santa maria;siembra de 30 hectareas de yuca en la comunidad de santa maria parroquia rio caribe municipio arismendi estado sucre;raíces; tubérculos y cucurbitáceas;21/03/2016;2016-05-11;3500000;30;105000;0;0;;;;
19-03-01-023-0001;J311599347;CCO-16-17-01-00025;sucre;arismendi;río caribe;agua fria;siembra de diez hectareas de maiz;cereales;08/03/2016;2016-05-18;1500000;10;35000;10;700;;;;;
19-03-05-001-0015;J317350960;CCO-16-17-01-00017;sucre;arismendi;san juan de las galdonas;don simon narciso rodriguez;siembra de 6 hectareas de yuca en la comunidad de viciosa.;raíces; tubérculos y cucurbitáceas;26/02/2016;2016-12-21;3814874;15;6;21000;0;0;;;
19-04-0001;J405313560;COM-16-17-02-00001;sucre;benítez;unión;luchadores de union;siembra de 100 has de yuca;raíces; tubérculos y cucurbitáceas;31/03/2016;2016-05-18;13000000;100;350000;0;0;;;;
19-04-01-012-0001;J309728903;CCO-16-17-02-00037;sucre;benítez;el pilar;rio cololarado;siembra de 50 hectareas de tierra con el rubro maiz en la comunidad de río colorado municipio benítez del estado sucre;cereales;11/05/2016;2016-06-15;7500000;50;175000;50;0;;;;;
19-04-06-001-0000;C306304037;CCO-16-17-02-00039;sucre;benítez;unión;puerto los conotos cazon;siembra de 30 hectareas de maiz amarillo en la comunidad de puerto los conoto cazón; en la parroquia unión; municipio benítez;cereales;14/05/2016;2016-06-15;4500000;30;105000;30;0;;;
19-04-06-001-0001;J299813540;CCO-16-17-02-00034;sucre;benítez;unión;guariquen;siembra de 40 hectareas de rubro agrícola de yuca en la comunidad de guariquen parroquia unión estado sucre;raíces; tubérculos y cucurbitáceas;01/04/2016;2016-05-11;5200000;40;140000;0;0;;;;
19-04-06-022-0001;C309809270;CCO-16-17-02-00038;sucre;benítez;unión;rio morocoto;siembra de 50 hectareas de  maiz amarillo en la comunidad de ríomorocoto; parroquia unión municipio benitez estado sucre;cereales;14/05/2016;2016-06-15;7500000;50;175000;35;0;;;;
19-07-0000;J403095329;COM-16-17-04-00005;sucre;cajigal;yaguaraparo;agropecuaria cajigal;siembra y cultivo de 250has de maíz;cereales;06/05/2016;2016-06-29;37500000;250;875000;0;0;;;;;
19-07-0003;J404685987;COM-16-17-04-00004;sucre;cajigal;el paujil;los sueã±os de chavez;siembra de 174 has de maiz;cereales;06/05/2016;2016-06-08;26100000;174;609000;156;81000;;;;;
19-07-02-001-0005;C313159476;CCO-16-17-04-00008;sucre;cajigal;el paujil;vivienda viejas cachipal;siembra y cultivo de 12has de maiz amarillo en ele sector vivienda viejas cachipal; parroquia el paujil; municipio cajigal.  ;cereales;12/03/2016;2016-05-25;1800000;12;42000;8;0;;;
19-07-03-001-0014;C311103473;CCO-16-17-04-00013;sucre;cajigal;libertad;rio del medio;siembra y producción de 40 hectáreas de maíz;cereales;02/05/2016;2016-06-02;3500000;40;140000;37;2990;;;;;
19-07-03-001-0015;C299784222;CCO-16-17-04-00012;sucre;cajigal;libertad;el corozal de bohordal;siembra y producción de 40 hectáreas de maíz amarillo.;cereales;02/05/2016;2016-06-02;3500000;40;140000;35;225;;;;;
19-12-05-030-0002;C299947318;CCO-16-17-07-00022;sucre;montes;san fernando;rio san juan;impulsar la economía; a través del primer motor de agro alimentaria por medio de la siembra de maíz. ;cereales;26/04/2016;2016-06-08;3500000;20;70000;20;0;;;;
19-13-0003;J405212489;COM-16-17-08-00001;sucre;ribero;villa frontado (muelle de cariaco);agroturistica antonio jose de sucre;siembra y cultivo de cebolla;hortalizas;03/04/2016;2016-12-21;15081578;46;5;17500;0;0;;;;
19-14-0000;J404634509;COM-16-17-09-00002;sucre;sucre;ayacucho;"agroturistica union de activos representantes de barbacoas ""udarba""";construccion de base agricola para la produccion de hortalizas;en la comuna udarba;hortalizas;04/03/2016;2017-01-04;6921079;58;3;10500;0;0;;;
19-14-02-E01-0002;J299424633;CCO-16-17-09-00030;sucre;sucre;ayacucho;plan de la mesa sector las dos casitas;recuperacion de las zonas agricolas productivas para la siembra de la yuca agria y dulce; para la produccion del casabe;raíces; tubérculos y cucurbitáceas;04/03/2016;2016-12-07;3179061;8;5;17500;0;0;;
19-14-06-001-0038;J299562173;CCO-16-17-09-00015;sucre;sucre;raúl leoni;limonal morichal (sin nombre comercial);proyecto de siembra de yuca en limonal morichal. ;raíces; tubérculos y cucurbitáceas;24/02/2016;Sin Fecha de Inicio;635812;36;1;3500;0;0;;;
19-14-06-001-0045;J299828351;CCO-16-17-09-00054;sucre;sucre;raúl leoni;los kariãas de la media flor;siembra y cosecha de yuca dulce / agria;raíces; tubérculos y cucurbitáceas;18/08/2016;2016-12-07;12716247;18;20;70000;0;0;;;
19-14-06-001-0049;J313969940;CCO-16-17-09-00025;sucre;sucre;raúl leoni;maraguey;siembra y cultivo de tuberculos;raíces; tubérculos y cucurbitáceas;26/02/2016;2016-12-07;2543249;44;4;14000;0;0;;;
19-14-06-033-0003;J299944157;CCO-16-17-09-00016;sucre;sucre;raúl leoni;santa cruz ii (no indica);proyecto socioproductivo de fortalecimiento de siembra de yuca. ;raíces; tubérculos y cucurbitáceas;24/02/2016;2016-12-07;635812;36;1;3500;0;0;;;
20-06-01-023-0000;C299639613;CCO-16-18-10-00006;táchira;córdoba;capital córdoba;ceratos (sin nombre comercial);proyecto productivo semvid impulsando 4 hectáreas en rubros de corto plazo  ;hortalizas;29/03/2016;2017-01-17;12065262;77;4;14000;0;0;;;;
20-13-0001;C408195895;COM-16-18-25-00001;táchira;josé maría vargas;josé maría vargas;espiritu santo morales;plan de siembra 2016-2017 para 30ha zanahoria;hortalizas;26/07/2016;2016-12-14;53226858;36;30;105000;0;0;;;;
20-29-01-024-0000;J299687499;CCO-16-18-29-00008;táchira;san judas tadeo;capital san judas tadeo;las mesitas (sin nombre comercial);impulso agrícola en la aldea vega de caquetrira sector las mesitas del municipio san judas tadeo;hortalizas;22/03/2016;2016-12-07;27146841;23;9;31500;0;0;;;;
20-29-01-040-0000;J299659320;CCO-16-18-29-00005;táchira;san judas tadeo;capital san judas tadeo;el tesoro sector alto viento san felipe (sin nombre comercial);siembra de cebolla en 12 ha para la seguridad alimentaria en la aldea el tesoro del municipio san judas tadeo estado táchira;hortalizas;22/03/2016;2016-12-07;36195788;3;12;42000;0;0;;;;
20-29-01-042-0000;J299721441;CCO-16-18-29-00010;táchira;san judas tadeo;capital san judas tadeo;la cuchilla ii (sin nombre comercial);siembra de hortalizas en el sector la cuchilla ii aldea el tesoro;hortalizas;31/03/2016;2016-12-07;23070265;27;10;35000;0;0;;;;
21-06-02-001-0001;C299697591;CCO-16-19-04-00002;trujillo;escuque;la unión;unidos por las rurales y san benito (sin nombre comercial);cria y engorde de madres porcinas reproductoras para doble uso sector quevedo parroquia santa rita municipio escuque;cría y engorde de porcinos;14/02/2016;2016-05-04;5990109;33;NA;NA;0;0;;;;
21-06-03-001-0003;C299296678;CCO-16-19-04-00020;trujillo;escuque;sabana libre;santa maria lamedero (sin nombre comercial);manejo; cria; reproduccion de caprinos y produccion de leche para lactantes en el sector santa maria; paquia sabana libre; mcpio;cría y engorde de caprinos;06/05/2016;2016-06-15;11500000;NA;NA;0;0;
21-08-01-001-0011;C299481530;CCO-16-19-18-00009;trujillo;juan vicente campo elías;campo elías;mesa de la luz (no indica);desarrollo de unidades familiares para la siembra de hortalizas; café y cambur;permanentes y semipermanentes;27/02/2016;2016-04-06;6600000;20;70000;0;0;;;;
21-08-02-U18-0000;C299482978;CCO-16-19-18-00001;trujillo;juan vicente campo elías;arnoldo gabaldón;paramo el tendal (sin nombre comercial);cria de ganaderia doble proposito a pequeñas escalas y siembras de rubros agricola en el sector el tendal.;cría y engorde de bovinos;17/02/2016;2016-05-04;3000000;NA;NA;0;0;;;;;
21-09-0000;C404875360;COM-16-19-19-00001;trujillo;la ceiba;tres de febrero;ali primera i;siembras de rubros agrícola de ciclo cortos y largo; e instalación de sistema de riego en la comuna ali primera tres de febrero.;raíces; tubérculos y cucurbitáceas;02/03/2016;2016-05-04;25000000;320;1120000;0;0;;;
21-09-04-001-0005;C299733555;CCO-16-19-19-00022;trujillo;la ceiba;tres de febrero;caño candelaria (sin nombre comercial);fortalecimiento del sector agrícola-vegetal a través de la siembra de rubros de ciclos cortos (pimentón);hortalizas;28/02/2016;2016-12-07;17533401;61;7;6;26600;0;0;;;
21-09-04-001-0007;J403235600;CCO-16-19-19-00026;trujillo;la ceiba;tres de febrero;carrillito;siembra y cultivo para el sector tres de febrero; pquia tres de febrero. mcpio la ceiba edo trujillo;cereales;28/04/2016;2016-05-25;7000000;6;21000;4;0;;;;
21-18-01-010-0000;C315856166;CCO-16-19-05-00007;trujillo;trujillo;andrés linares;el isguaguio (no indica);construcción de invernado para producción agrícola.;hortalizas;23/02/2016;2016-12-07;9228106;11;4;14000;0;0;;;;
22-06-0000;C406551007;COM-16-20-08-00001;yaracuy;josé antonio páez;capital josé antonio páez;socialista agroturistica ecologica copa redonda;siembra de 20 hectareas de pimenton en el sector copa redonda municipio jose antonio paez estado yaracuy;hortalizas;26/07/2016;2016-12-07;46140530;54;20;70000;0;0;;;;
22-07-0000;J403801681;COM-16-20-09-00001;yaracuy;la trinidad;capital la trinidad;comuna socialista independencia 18 de febrero (socialista independencia 18 de febrero);establecimiento de 30 hectareas de cebolla en la comuna independencia 18 de febrero del municipio trinidad estado yaracuy;hortalizas;16/02/2016;2016-05-11;14718000;30;105000;0;0;;;;;
22-09-01-040-0001;C299858218;CCO-16-20-03-00011;yaracuy;nirgua;capital nirgua;santa ana la josefina (no indica);siembra de 40 hectáreas de caraota en el sector santa ana la josefina del municipio nirgua estado yaracuy;leguminosas;04/04/2016;Sin Fecha de Inicio;10233941;64;40;140000;0;0;;;;
22-11-02-001-0000;J299400564;CCO-16-20-04-00032;yaracuy;san felipe;albarico;unidos por la paz marincito 2 (no indica);siembra de 3 hectareas de tomate en la comunidad marincito 2 del estado yaracuy;hortalizas;26/05/2016;Sin Fecha de Inicio;7549547;97;3;10500;0;0;;;;
23-03-0000;J403683956;COM-16-21-14-00008;zulia;cabimas;arístides calvani;vicente campo elias;cria de cabra para la produccion de leche para niños lactantes;cría y engorde de caprinos;12/05/2016;2016-06-22;15000000;NA;NA;0;0;;;;;
23-06-03-001-0000;C299806838;CCO-16-21-20-00008;zulia;francisco javier pulgar;francisco javier pulgar;naranjos abajos;adquisición de pollos de engorde y suministro de alimentos para cria en el sector naranjos abajo;cría y engorde de bovinos;29/03/2016;2016-06-29;3000000;NA;NA;0;0;;;;;
23-06-03-034-0001;C308376191;CCO-16-21-20-00007;zulia;francisco javier pulgar;francisco javier pulgar;el trinal;adquisicion de gallinas ponedoras y construccion de cerca perimetral para el galpon existente en el sector el trinal;cría y engorde de aves de corral;29/03/2016;2016-06-29;6000000;NA;NA;0;0;;;;;
23-07-0001;J405913428;COM-16-21-16-00001;zulia;jesús enrique lossada;josé ramón yepes;el diluvio palmar;siembra de maiz amarrilo la gloria de dios ;cereales;04/05/2016;2016-08-03;16500000;100;350000;0;0;;;;;
23-09-02-004-0001;J306846611;CCO-16-21-10-00018;zulia;la cañada de urdaneta;andrés bello;galilea (no indica);cultivo y produccion de maiz en la comunidad del centro consejo comunal galilea;cereales;13/05/2016;2016-06-22;3500000;50;175000;17;0;;;;;
23-13-09-001-0019;J299858757;CCO-16-21-05-00079;zulia;maracaibo;francisco eugenio bustamante;el rosario;siembra de 10 hectareas  de frijol en parcelamiento el rosario sector chaparral;leguminosas;13/09/2016;2016-12-21;4200000;6;21000;0;0;;;;;
23-13-18-001-0074;J403421471;CCO-16-21-05-00050;zulia;maracaibo;san isidro;punta caimito;fortalecimiento y reimpulso en la producción de siembra de maíz en la comunidad de punta caimito;cereales;08/04/2016;2016-06-02;5300000;65;227500;8;0;;;;;
24-01-0002;J403518254;COM-16-24-01-00005;vargas;vargas;carayaca;indios tarama;siembra de pimenton;hortalizas;09/03/2016;2016-12-21;62500000;15000;52500000;0;0;;;;;
24-01-0003;J405209933;COM-16-24-01-00004;vargas;vargas;carayaca;al rescate de nuestras raices;siembra de caraotas ;leguminosas;28/02/2016;2017-02-01;200000000;600;2100000;0;0;;;;;
24-01-0004;J405219513;COM-16-24-01-00002;vargas;vargas;carayaca;agroturistica hugo rafael chavez frias 2;siembra de 155 hectáreas de papa;raíces; tubérculos y cucurbitáceas;23/02/2016;2016-12-21;38750000;155;542500;0;0;;;;
24-01-02-P80-0000;J299429872;CCO-16-24-01-00033;vargas;vargas;carayaca;hoyito paramacony;cria y cultivo  avicola de gallinas ponedoras ;cría y engorde de aves de corral;23/02/2016;2016-12-21;14000000;NA;NA;0;0;;;;;
C-MIX-2014-10-0004;J405457481;COM-16-03-06-00012;apure;san fernando;san fernando de apure;socialista guerreros de cristo;produccion de hortalizas ( pimenton) ;hortalizas;09/03/2016;2016-12-07;5767566;32;2;5;8750;0;0;;;
C-MIX-2014-10-0006;C406076350;COM-16-13-05-00003;miranda;lander;ocumare del tuy;el legado del comandante;siembra de tomate el sector el cerrito de ocumare del tuy; estado miranda.;hortalizas;30/03/2016;2016-05-18;33710000;60;210000;0;0;;;;
C-MIX-2014-10-0018;J406695041;COM-16-10-07-00010;guárico;pedro zaraza;zaraza;unidos por agua negra;siembra de 1300 ha de maiz blanco en el caserrio agua negra;cereales;28/04/2016;2016-06-02;156000000;1300;4550000;1300;1594700;;;;;
C-MIX-2014-11-0009;C450453117;COM-16-13-09-00016;miranda;sucre;fila de mariches;unidos venceremos en revolucion;plan de siembra de 55 has. de yuca;raíces; tubérculos y cucurbitáceas;22/09/2016;Sin Fecha de Inicio;34969679;8;55;192500;0;0;;;
C-MIX-2014-11-0016;J406008508;COM-16-02-15-00001;anzoátegui;guanta;chorrerón;la sirena de guanta;proyecto agroalimentario para la producción de hortalizas en la comunal la sirtena de guanta;hortalizas;21/03/2016;2016-12-07;27681675;88;11;38500;0;0;;;;
C-MIX-2014-11-0028;J406642606;COM-16-10-07-00004;guárico;pedro zaraza;zaraza;felicidad suprema 2019;plan de siembra comunal 2016 comuna la felicidad suprema 2019;cereales;07/03/2016;2016-06-02;90599240;1619;5666500;1605;1817740;;;;;
C-MIX-2014-11-0029;J406676403;COM-16-10-07-00008;guárico;pedro zaraza;zaraza;el gigante de venezuela hugo chavez;plan siembra 2016(maiz amarillo);cereales;21/03/2016;2016-04-22;29700000;220;770000;104;71760;;;;;
C-MIX-2014-12-0017;C406398584;COM-16-17-03-00003;sucre;bermúdez;santa catalina;socialista agro-turistica charallave;instalacion de 4 casas de cultivos para la produccion agricola;hortalizas;03/03/2016;2016-12-21;4614053;5;2;7000;0;0;;;;
C-MIX-2014-12-0023;C407317768;COM-16-16-06-00007;portuguesa;páez;pimpinela;las majaguas;plan de siembra 425 hectareas del rubro maiz blanco en la comuna las majaguas del municipio san rafael de onoto;cereales;09/05/2016;2016-06-15;76500000;425;1487500;0;0;;;;;
C-MIX-2014-12-0026;J406356077;COM-16-10-12-00001;guárico;ortíz;san josé de tiznados;revolucionaria agroindustrial combatientes negra matea;siembra de sorgo en el plan de siembra 2016;cereales;03/05/2016;2016-06-02;162000000;1200;4200000;493;64040;;;;;
C-MIX-2014-12-0027;C407255878;COM-16-16-04-00002;portuguesa;guanarito;capital guanarito;caña dulce;proyecto socio productivo “huertos comunales”;hortalizas;17/03/2016;2016-12-14;4614053;5;2;7000;0;0;;;;
C-MIX-2015-01-0004;J405811501;COM-16-05-04-00005;barinas;ezequiel zamora;santa bárbara;socialista san jose;proyecto de huertos familiares comunales;hortalizas;07/03/2016;2016-12-07;9228106;11;4;14000;0;0;;;;
C-MIX-2015-02-0004;C406717584;COM-16-05-10-00002;barinas;antonio josé de sucre;nicolás pulido;socialista andillana;siembra de maiz amarillo;cereales;12/03/2016;2016-06-15;9000000;60;210000;18;0;;;;;
C-MIX-2015-02-0007;C406244678;COM-16-18-10-00001;táchira;córdoba;capital córdoba;campesina agroturistica el sueño de chavez;proyecto productivo tierra fértil con el plan siembra del eje campesino sureste-centro del municipio cordoba;cereales;30/03/2016;2016-04-22;3225000;23;80500;20;0;;;;;
C-MIX-2015-02-0008;J405929430;COM-16-17-02-00002;sucre;benítez;el pilar;agro-turistica las minas de benitez;"siembra y cultivo de ""141"" hectareas de maiz ";cereales;07/04/2016;2016-06-15;14100000;141;493500;141;0;;;;;
C-MIX-2015-03-0010;C406379069;COM-16-21-05-00005;zulia;maracaibo;francisco eugenio bustamante;socialista luis homez;"proyecto socioproductivo para la cria de cachama ""los sueños de chavez""";sistema de producción apícola;22/08/2016;2016-12-21;12000000;NA;NA;0;0;;;;;
C-MIX-2015-04-0006;J405943424;COM-16-05-04-00001;barinas;ezequiel zamora;santa bárbara;socialista los herederos de chavez;sembrar 20 has de leguminosas en los sectores rurales de la c.s.los herederos de sta barbara estado barinas;leguminosas;06/03/2016;Sin Fecha de Inicio;5116970;82;20;70000;0;0;;;;
C-MIX-2015-04-0007;C406466557;COM-16-07-09-00005;carabobo;valencia;urbana rafael urdaneta;el sur existe;siembra de 30 hectareas de leguminosa;leguminosas;28/07/2016;2016-12-07;7675456;23;30;105000;0;0;;;;
C-MIX-2015-04-0024;C406572039;COM-16-05-09-00003;barinas;alberto arvelo torrealba;sabaneta;riberas del bocono;100 patios socioproductivo de la comuna riberas del bocono;hortalizas;25/03/2016;2016-12-07;2307026;53;1;3500;0;0;;;;
C-MIX-2015-05-0026;C406651702;COM-16-05-04-00002;barinas;ezequiel zamora;josé ignacio del pumar;agro socialista las manos productivas de chavez;plan de siembra y cultivo de cereales en una extencion de 300 ha.;cereales;06/03/2016;2016-05-25;36000000;300;1050000;8;7800;;;;;
C-MIX-2015-05-0028;C406537519;COM-16-05-09-00002;barinas;alberto arvelo torrealba;sabaneta;socialista bolivar y chavez ii;plan de siembra (cereales) 2016;cereales;10/03/2016;2016-05-25;11200000;112;392000;61;48860;;;;;
C-MIX-2015-07-0013;C406626694;COM-16-17-09-00003;sucre;sucre;santa inés;comuna de servicios turisticos agrourbana comandante eterno;proyecto socio-productivo agrícola periurbano comuna comandante eterno;hortalizas;17/03/2016;2016-12-07;2307026;53;1;3500;0;0;;;;
C-MIX-2015-09-0001;C406643734;COM-16-24-01-00010;vargas;vargas;carayaca;luchadores de la patria con el legado de chavez;siembra de cebolla;hortalizas;31/03/2016;2016-12-21;80000000;200;700000;0;0;;;;;
C-MIX-2015-09-0014;C407066633;COM-16-05-02-00007;barinas;barinas;san silvestre;agro socialista sabanas del arañero;plan de siembra de 338 ha de maiz amarillo - 117 ha arroz pady en la comuna agro-socialista sabanas del arañero.;cereales;31/03/2016;2016-05-18;44460000;455;1592500;106;158100;;;;;
C-MIX-2016-02-0007;C408438577;COM-16-08-06-00003;cojedes;san carlos;san carlos de austria;corazon de mi patria por amor al pueblo;siembra de leguminosas en la comuna corazon de mi patria por amor al pueblo; municipio ezequiel zamora del estado cojedes;leguminosas;21/10/2016;2016-12-23;21000000;60;210000;0;0;;;;
C-RUR-2014-10-0004;C405728523;COM-16-05-06-00003;barinas;pedraza;ciudad bolivia;las guacharacas;siembra de 5 mil has de cereales;cereales;07/03/2016;2016-05-18;200000000;5000;17500000;217;361860;;;;;
C-RUR-2015-01-0001;C405705558;COM-16-05-06-00006;barinas;pedraza;páez;socialista el alma llanera;plan de siembra de maiz amarillo en la comuna socialista el alma llanera mun. pedraza parroquia paez;cereales;09/03/2016;2016-05-18;38700000;200;700000;76;20580;;;;;
C-RUR-2015-02-0001;J405940999;COM-16-05-01-00007;barinas;arismendi;san antonio;socialista revolucionaria bolivar chavez;proyecto socio-productivo de siembra de rubros alimenticios (maiz blanco);cereales;01/04/2016;2016-06-15;40000000;200;700000;90;0;;;;;
C-RUR-2015-03-0001;J405599499;COM-16-08-03-00001;cojedes;girardot;sucre;socialista sur cojedes;plan de siembra ;cereales;13/04/2016;2016-06-08;65000000;500;1750000;437;414480;;;;;
C-RUR-2015-03-0004;J406387746;COM-16-24-01-00009;vargas;vargas;carayaca;manuelita saenz;siembra de yuca;raíces; tubérculos y cucurbitáceas;30/03/2016;2016-12-21;12000000;100;350000;0;0;;;;
C-RUR-2015-03-0005;C405886757;COM-16-10-03-00005;guárico;francisco de miranda;guardatinajas;comuna socialista agroindustrial de prosumidores negra matea;producción de maíz blanco;cereales;10/03/2016;2016-05-25;120000000;1000;3500000;207;210800;;;;;
C-RUR-2015-05-0006;C406489425;COM-16-05-04-00003;barinas;ezequiel zamora;santa bárbara;socialista los sueños de chavez;"plan de siembra de la comuna socialista ""los sueños de chavez"" de santa barbara, municipio ezequiel zamora -edo- barinas.";cereales;07/03/2016;2016-05-18;16000000;80;280000;42;38160;;;;;
C-RUR-2015-08-0001;C406494364;COM-16-05-01-00002;barinas;arismendi;la unión;socialista agroturistica 28 de julio;siembra de 500 has. de maiz blanco en el sector de la comuna agroturistica 28 de julio ;cereales;06/03/2016;2016-05-25;45000000;500;1750000;32;19600;;;;;
C-RUR-2015-10-0002;C407127470;COM-16-05-08-00004;barinas;sosa;ciudad de nutrias;pedro felipe sosa;siembra de 200 has. de arroz en la comuna pedro felipe sosa;cereales;04/04/2016;2016-05-11;35000000;200;700000;60;74860;;;;;
C-RUR-2015-11-0001;C407191225;COM-16-05-01-00001;barinas;arismendi;la unión;socialista negra hipolita;siembra de maiz blanco para consumo; caraotas negras y frijol a traves de 600 hectareas ;cereales;25/02/2016;2016-05-25;50000000;600;2100000;97;0;;;;
C-RUR-2015-11-0004;C407388908;COM-16-24-01-00008;vargas;vargas;carayaca;agroturistica madre tierra;siembra de cebolla;hortalizas;29/03/2016;2016-12-21;94500000;270;945000;0;0;;;;;
C-RUR-2015-11-0005;C407387790;COM-16-05-01-00003;barinas;arismendi;la unión;ecosocialista juana la avanzadora;socioproductivo: leguminosas; cereales y tuberculos (frigol; topocho;yuca; maiz; platanos etc)del mun. arismendi pquia. la union;cereales;07/03/2016;2016-06-15;45000000;500;1750000;216;0
C-RUR-2015-11-0008;C407834800;COM-16-08-10-00001;cojedes;tinaco;general en jefe josé laurencio silva;el ultimo hombre a caballo;siembra de leguminosas en la comuna el último hombre a caballo del municipio tinaco; estado cojedes;leguminosas;13/10/2016;2016-12-23;58275000;166;5;582750;0;0;;;
C-URB-2015-07-0002;C406612413;COM-16-11-02-00007;lara;iribarren;unión;socialista el nuevo despertar de la guerrera ana soto;siembra de hortalizas y cebolla (3 hectáreas).  ;hortalizas;29/03/2016;2016-12-14;9048947;8;3;10500;0;0;;;;
CC-IND-2015-06-00007;C406629901;CCO-16-22-06-00009;amazonas;autónomo manapiare;medio ventuari;cc indigena san pedro de aramare;cosecha de 40 has deyuca amarga y siembra de 40 has de yuca;raíces; tubérculos y cucurbitáceas;08/03/2016;2016-04-22;10000000;80;280000;0;0;;;;
CC-RUR-2014-06-00002;J404430768;CCO-16-14-06-00014;monagas;libertador;capital libertador;marofo;poruducciòn de 1000 has. de maíz amarillo.;cereales;30/03/2016;2016-06-22;108000000;1000;3500000;340;5700;;;;;
CC-RUR-2014-06-00094;J404586857;CCO-16-17-05-00002;sucre;mariño;irapa;gran poder de dios;siembra y cosecha de 70has de maiz amarillo.;cereales;30/04/2016;2016-06-15;10500000;70;245000;50;1600;;;;;
CC-RUR-2014-07-00065;J404847944;CCO-16-17-09-00023;sucre;sucre;ayacucho;la montaãita primera entrada casa blanca y margarita;proyecto agricola ; siembra de pimenton y aji ;hortalizas;25/02/2016;2016-04-22;5600000;30;105000;0;0;;;;
CC-RUR-2014-08-00039;J404529594;CCO-16-10-07-00015;guárico;pedro zaraza;zaraza;san simón unico;siembra de 183 hectareas de maiz blanco.;cereales;13/05/2016;2016-06-15;23424000;183;640500;183;314180;;;;;
CC-RUR-2014-08-00045;J404529551;CCO-16-10-05-00038;guárico;josé félix ribas;san rafael de laya;centro plaza;siembra de 500 hectareas de maíz blanco en el sector centro plaza del municipio ribas estado guárico. ;cereales;26/04/2016;2016-06-22;60000000;500;1750000;200;42600;;;;;
CC-RUR-2014-08-00046;J404529535;CCO-16-10-05-00010;guárico;josé félix ribas;san rafael de laya;nião primero;cultivo de hortalizas; en el sector niño primero de san rafael de laya guarico;hortalizas;17/02/2016;2016-05-04;2900000;4;14000;0;0;;;;
CC-RUR-2014-09-00043;J404892320;CCO-16-14-06-00027;monagas;libertador;las alhuacas;el alto;siembra y produccion de yuca;raíces; tubérculos y cucurbitáceas;30/07/2016;2016-12-07;9537185;39;15;52500;0;0;;;
CC-RUR-2015-02-00020;J405418354;CCO-16-11-02-00021;lara;iribarren;unión;las maduristas;proyecto socioproductivo para la cria de pollos de engorde en el caserio algari parroquia union;cría y engorde de aves de corral;24/02/2016;2016-12-21;4000000;NA;NA;0;0;;;;;
CC-RUR-2015-05-00021;C406525960;CCO-16-17-02-00027;sucre;benítez;el pilar;rio el pilar;produccion de  raices y tuberculos en el sector rio el pilar; parroquia el pilar-benitez-sucre;raíces; tubérculos y cucurbitáceas;26/02/2016;2017-01-25;6358123;59;10;35000;0;0;;
CC-RUR-2015-07-00008;J406230847;CCO-16-03-07-00031;apure;biruaca;biruaca;alba bolivariana;plan de siembra de maiz blanco en la comunidad alba bolivariana ;cereales;30/03/2016;2016-05-04;5500000;60;210000;0;0;;;;;
CC-RUR-2015-09-00016;C407504444;CCO-16-07-14-00012;carabobo;libertador;urbana tocuyito;comunidad rural chagua;"siembra de cereal maíz blanco ""ups la trinidad""2016-consejo comunal comunidad rural chagua ";cereales;21/04/2016;2016-05-25;10500000;105;367500;50;38620;;;;;
CC-RUR-2016-02-00014;C407637690;CCO-16-17-02-00047;sucre;benítez;el pilar;las margaritas;siembra y producción de 10has de yuca en la población de el pilar; municipio benítez; estado sucre.;raíces; tubérculos y cucurbitáceas;21/07/2016;2016-12-21;6358123;59;10;35000;0;0;
CC-RUR-2016-05-00015;C407983156;CCO-16-19-13-00034;trujillo;san rafael de carvajal;carvajal;piedras blancas hugo chavez;cultivar y desrrollar una zona agroalimentaria en el sector;leguminosas;13/07/2016;2017-03-08;621711;95;2;43;8505;0;0;;;
CC-URB-2014-06-00042;C404345817;CCO-16-04-10-00022;aragua;josé angel lamas;santa cruz;capilla iii;patio productivo del consejo comunal la capilla iii;hortalizas;03/03/2016;2016-12-07;2307026;53;1;3500;0;0;;;;
CC-URB-2014-07-00073;J404469117;CCO-16-13-03-00021;miranda;sucre;petare;vencedores de julian blanco;plan de siembra ciclo corto ;hortalizas;29/09/2016;2017-02-15;57675663;25;25;87500;0;0;;;;
